seq_id,seq_type,pocket_vol_mean,pocket_vol_std,pocket_vol_min,pocket_vol_max,pocket_vol_closed_frac,pocket_vol_early20_mean,pocket_vol_late20_mean,pocket_vol_drift20,pocket_vol_early20_closed_frac,pocket_vol_late20_closed_frac,pocket_vol_slope,n_frames
seq16_binder,Binder,928.2974166462868,99.10104752537772,161.94,1285.92,0.08437270726338958,890.9514064410924,955.1149490419893,64.1635426008969,0.10680799021606197,0.1280065226253567,81.67325341363338,12267
seq14_binder,Binder,952.2303081438004,124.99832131620349,271.05,1262.64,0.11469797016385425,935.7042723196087,977.3526212800653,41.64834896045659,0.15205870362821036,0.07908683245006115,44.03861696506082,12267
seq10_binder,Binder,961.2262052661612,107.79730560739371,92.79,1248.51,0.07532404010760577,929.6506359559722,958.1950631879332,28.54442723196098,0.07827150428047289,0.07541785568691398,55.76318380972816,12267
seq17_binder,Binder,865.1842822205919,66.04533720896681,384.14,1091.13,0.1301866797097905,869.668259274358,867.7443293925804,-1.9239298817775534,0.1031390134529148,0.12270688952303302,9.326408285392434,12267
seq39_binder,Binder,971.2048169886688,101.39264036875456,165.04,1237.82,0.055025678650036686,978.091720342438,988.470990623726,10.379270281288086,0.03342845495311863,0.04362005707297187,32.54182521310365,12267
seq42_binder,Binder,1012.528214722426,117.58016840373503,48.95,1338.71,0.04475421863536317,927.6236363636365,1037.1780513656745,109.55441500203801,0.09376273950264982,0.02323685283326539,127.10631107515427,12267
pair_3069_binder,Binder,1054.9258734816988,134.8492670150168,246.82,1478.41,0.0355425124317274,892.4362739502651,1054.2452955564615,161.80902160619644,0.11088463106400326,0.015491235222176927,155.32131456810777,12267
pair_3070_binder,Binder,1027.0051365452027,128.84270626325198,55.09,1392.21,0.04573245292247493,932.0886343253159,1061.8308724011415,129.74223807582564,0.061557276803913576,0.05218100285364859,119.36488269441513,12267
pair_3074_binder,Binder,973.4652017608217,102.94365008330412,164.31,1258.52,0.0607320453248553,962.8491602119852,979.8495637994292,17.000403587443998,0.088055442315532,0.035466775377089275,12.347267406817167,12267
pair_3092_binder,Binder,973.7963854243089,102.963926619615,163.91,1235.46,0.059916850085595504,963.4281573583368,979.5351569506728,16.106999592336024,0.08601712189156135,0.034243783122706886,10.933705300781126,12267
pair_3098_binder,Binder,957.5050696991929,127.3224263101151,121.27,1330.6,0.07915545773212684,892.5190093762739,1029.000644109254,136.48163473298007,0.09702405218100285,0.07134121483897268,202.15344702795161,12267
pair_3059_nb,False Positive,948.6716279448927,117.77597648325886,326.18,1316.03,0.10092117062036357,850.5286669384428,965.391182225846,114.8625152874032,0.22747655931512434,0.08153281695882593,100.65325062198178,12267
pair_3062_binder,Binder,959.0288138909268,111.32501161284902,183.68,1250.75,0.08094888725849841,933.3595026498167,973.9266856909904,40.567183041173735,0.09783938035059112,0.036689767631471665,45.710474906113674,12267
pair_3063_binder,Binder,896.4030887747616,135.28948258881564,185.02,1305.16,0.20697807124806392,857.3615328169587,923.5501875254791,66.1886547085204,0.2368528332653893,0.18752547900529964,57.975945175821046,12267
pair_3066_binder,Binder,986.0862818945137,107.97236543073424,0.0,1282.64,0.058775576750631775,957.7291398287811,1002.9554097024053,45.22626987362423,0.07134121483897268,0.0591112922951488,41.92554631251205,12267
pair_3067_binder,Binder,1016.7037009863861,132.27516844967388,181.39,1439.79,0.06823184152604549,1056.0117611088463,987.6130534039952,-68.39870770485106,0.020383204239706482,0.09009376273950265,-77.0319164517111,12267
pair_3068_binder,Binder,1009.3010996983777,140.6411310580564,64.68,1388.23,0.08119344583027635,972.5092580513657,1016.6537627395026,44.14450468813686,0.11985324092947411,0.06644924582144313,51.70392308309979,12267
pair_3071_binder,Binder,992.2617453330074,116.91147193435177,249.85,1305.81,0.0607320453248553,900.7976233183857,1042.3389645332247,141.541341214839,0.12882185079494496,0.020383204239706482,153.5229697408405,12267
pair_3072_binder,Binder,870.7736431075243,145.46507813666955,0.0,1235.49,0.264530855139806,869.3876110884631,848.162494904199,-21.225116184264152,0.26049735018344883,0.3330615572768039,-39.63543774429444,12267
pair_3073_binder,Binder,771.2894285481373,146.54575504663768,0.0,1150.04,0.4985734083312953,776.8398410110069,768.9233836119038,-7.9164573991031375,0.4985731757032206,0.48878923766816146,12.848852985213332,12267
pair_3075_binder,Binder,900.0729208445422,148.27201680122784,0.0,1273.45,0.19858156028368795,861.8547370566653,925.0955849979617,63.240847941296465,0.28536485935589073,0.15165103954341622,88.33514966593873,12267
pair_3076_binder,Binder,860.8028417706041,135.86619135621183,97.93,1220.95,0.2879269585065623,847.0160252751733,848.8230126375867,1.806987362413338,0.29596412556053814,0.34162250305748065,-4.321245857275869,12267
pair_3077_binder,Binder,936.1190282872749,129.26077501828857,0.0,1280.09,0.1218716882693405,920.647745617611,931.632091316755,10.984345699144,0.12841418671015084,0.13982878108438646,-6.603535664685388,12267
pair_3078_binder,Binder,1014.7881617347354,99.325054101361,142.56,1311.99,0.03293388766609603,1003.9604484304932,996.2325519771707,-7.727896453322501,0.022013860578883,0.06522625356706074,-16.124941036027305,12267
pair_3079_binder,Binder,892.5043784136301,82.51910434586729,69.23,1172.02,0.09717127251976848,898.6466938442722,870.0408194048103,-28.6058744394619,0.09702405218100285,0.15858132898491642,-19.96218556342125,12267
pair_3080_binder,Binder,1063.7141713540393,117.72833604712669,205.32,1394.37,0.031058938615798483,1011.954264166327,1101.7162209539338,89.76195678760678,0.04158173664900122,0.011822258459029759,106.79870290981644,12267
pair_3085_binder,Binder,990.1453908861172,170.92512423879165,0.0,1467.09,0.12668134018097335,981.8462046473707,1007.4647737464329,25.618569099062256,0.10803098247044435,0.1129229514879739,24.73047623695246,12267
pair_3086_binder,Binder,1005.1751373603978,154.1984804457602,85.82,1364.0,0.1016548463356974,998.719005299633,1011.8761557276804,13.15715042804743,0.11129229514879739,0.09865470852017937,8.788151575760173,12267
pair_3087_binder,Binder,833.4344811282301,136.19490851246138,0.0,1332.07,0.3378984266731882,897.4688463106401,864.6199347737465,-32.848911536893524,0.21361598043212393,0.22217692621280066,-20.897068754608405,12267
pair_3088_binder,Binder,978.600838020706,156.1287969461466,178.19,1416.09,0.12113801255400669,908.523428454953,1040.181903791276,131.65847533632302,0.16306563391765186,0.06481858948226661,135.9567823483731,12267
pair_3091_binder,Binder,951.3633137686476,120.10681616155098,78.23,1240.03,0.10141028776391946,933.1610925397473,963.6998247044435,30.53873216469617,0.11373827965756217,0.07908683245006115,53.01520729388964,12267
pair_3099_binder,Binder,823.468933724627,181.54975425875804,0.0,1326.11,0.39700008151952393,878.4339217284958,755.7666449245821,-122.66727680391364,0.273542600896861,0.5434162250305749,-120.17668526731163,12267
pair_3100_binder,Binder,897.4079644574875,155.88216655604205,0.0,1317.96,0.2103203717290291,783.336192417448,934.5331471667345,151.19695474928642,0.44231553200163065,0.1471667346106808,158.65257898137492,12267
pair_3101_binder,Binder,859.6293445830277,157.17013873365565,0.0,1252.35,0.29697562566234614,885.3433265389318,822.7076192417449,-62.63570729718697,0.25519771708112515,0.37382796575621685,-34.74776423230021,12267
pair_3103_binder,Binder,1014.1462533626803,131.52923978925978,0.0,1430.42,0.06081356484878128,938.0278353037097,1072.6647655931513,134.63693028944158,0.08601712189156135,0.03872808805544232,169.64386735771407,12267
pair_3104_binder,Binder,997.3227472079564,118.04176379674321,0.0,1348.52,0.056085432461074426,945.4638687321648,1000.3531023236853,54.889233591520565,0.051365674684060336,0.08601712189156135,74.79960270594849,12267
pair_3108_binder,Binder,862.2023436863129,120.23583837015543,199.09,1196.92,0.24072715415341975,872.4492213615978,843.0488177741541,-29.400403587443634,0.19200978393803506,0.31267835303709746,-6.90374718751662,12267
seq1_nb,False Positive,947.3238077769624,121.11970515487025,256.49,1342.11,0.10507866634058857,1010.6893640440277,912.2196086424786,-98.46975540154904,0.029351814105177332,0.17366490012229924,-110.4911049358809,12267
seq2_nb,False Positive,1013.7528189451375,142.5862532456564,209.68,1428.54,0.07214477867449254,938.3167142274767,1059.8253159396656,121.50860171218892,0.1210762331838565,0.0631879331430901,129.62938943843469,12267
seq3_nb,False Positive,1007.5831099698378,148.67794948457396,174.98,1450.26,0.09660063585228662,1021.135519771708,1036.502682429678,15.367162657970084,0.06441092539747248,0.06726457399103139,-12.500771705490232,12267
seq4_nb,False Positive,960.8493674084943,184.19360744698184,65.2,1461.67,0.16678894595255564,822.522490827558,1046.1033387688547,223.5808479412966,0.40521810028536487,0.033020790868324504,276.3592678672285,12267
seq5_nb,False Positive,1120.8315358278307,164.21802199355014,292.06,1595.53,0.03040678242439064,948.7685527924989,1187.8788626172034,239.11030982470447,0.09131675499388504,0.013045250713412148,284.66735602760326,12267
seq6_nb,False Positive,984.404333577892,83.59509699708559,406.72,1281.25,0.019483166218309284,960.279331430901,991.0801100693028,30.800778638401766,0.03465144720750102,0.017121891561353443,21.12315310873655,12267
seq7_nb,False Positive,759.3380345642781,187.8487543164454,0.0,1272.88,0.529061710279612,839.6349368120668,673.9130085609457,-165.72192825112108,0.29596412556053814,0.7554015491235222,-255.9433099962101,12267
pair_0052_nb,False Positive,867.956920192386,108.23016935324944,0.0,1176.18,0.21765712888236732,821.4345087647778,882.2932694659601,60.85876070118229,0.3823889115368936,0.1826335099877701,89.9941258482303,12267
pair_0091_nb,False Positive,967.7409276921824,107.78385719608829,243.29,1307.71,0.06912855628923127,909.4143986954749,987.1468487566244,77.7324500611495,0.11536893599673868,0.06359559722788423,95.8045604902909,12267
pair_0246_nb,False Positive,864.1017665280835,81.19170503664714,414.94,1223.02,0.20599983696095214,851.9190134529148,827.4478149205055,-24.47119853240929,0.21646962902568284,0.32572360375050957,-59.39417050189846,12267
pair_0269_nb,False Positive,1031.367577239749,87.60454860992142,436.36,1322.54,0.012554006684600962,948.6296738687321,1078.2162046473707,129.58653077863858,0.03913575214023644,0.005299633102323685,137.3031311375371,12267
pair_0272_nb,False Positive,939.8496510964376,108.4884922861188,173.34,1250.0,0.08918235917502242,910.9596738687322,943.0442030167143,32.08452914798204,0.13167549938850387,0.060334284549531186,41.21681562811404,12267
pair_0276_nb,False Positive,881.1741966250918,81.0572940426406,313.61,1217.53,0.13564848781283118,872.1596494088872,889.2731390134528,17.113489604565643,0.1646962902568284,0.09580105992662047,13.484718319478336,12267
pair_0288_nb,False Positive,861.7153615390886,69.02347865140938,422.57,1115.48,0.16890845357463113,856.4242152466368,826.04254790053,-30.381667346106724,0.22869955156950672,0.2967794537301264,-31.959130036505147,12267
pair_0351_nb,False Positive,925.8604638460911,103.38843897888665,132.64,1270.98,0.10483410776881064,888.5125642070935,880.063114553608,-8.449449653485544,0.18671015083571138,0.198124745209947,20.421663794877666,12267
pair_0502_nb,False Positive,967.5237482677102,103.1162942539856,205.44,1327.56,0.05510719817396267,971.7504484304933,971.7355401549123,-0.014908275580978625,0.08438646555238484,0.04647370566653078,-2.012263059064925,12267
pair_0506_nb,False Positive,873.9648667155783,105.83474491493956,0.0,1217.01,0.1991521969511698,925.4042560130451,827.9776518548716,-97.42660415817352,0.0823481451284142,0.3261312678353037,-127.41952894526526,12267
pair_0647_nb,False Positive,961.4984992255645,127.07953261555579,154.67,1363.62,0.10238852205103122,866.9194781899714,999.5267468406034,132.60726865063202,0.1899714635140644,0.04606604158173665,159.59451345084108,12267
pair_0777_nb,False Positive,913.2182709708975,85.52561195429772,336.97,1184.71,0.07393820820086411,895.1966082348144,959.6550183448837,64.45841011006928,0.08438646555238484,0.03261312678353037,70.6835930366751,12267
pair_0827_nb,False Positive,862.1554781120078,95.51766542694727,195.89,1214.8,0.18985897122360806,852.4826457399104,874.5298899306972,22.04724419078684,0.207501019160212,0.24052181002853648,44.709330806573625,12267
pair_1824_nb,False Positive,883.5664856933236,90.43390658978848,402.04,1140.19,0.18211461645063992,790.5682062780269,913.0654504688137,122.49724419078677,0.5511618426416632,0.05014268242967795,148.01105937638118,12267
pair_1939_nb,False Positive,1043.7441411918153,100.75862267892118,534.35,1409.72,0.0115757723974892,967.3382185079496,1065.3837953526295,98.04557684467989,0.022013860578883,0.010191602119853241,66.29051292791469,12267
pair_0822_nb,False Positive,840.67468492704,101.06926592098075,0.0,1151.52,0.29811689899730986,904.2812148389726,813.5273338768853,-90.75388096208724,0.08642478597635549,0.3783122706889523,-92.21353227898048,12267
pair_0865_nb,False Positive,911.6318268525313,106.34205670411554,111.6,1284.21,0.1164913996902258,861.46442315532,933.8229351814106,72.35851202609058,0.18222584590297594,0.10273134936812067,116.95286879723676,12267
pair_0867_nb,False Positive,835.4578030488303,114.26685881145649,160.3,1325.27,0.3273824080867368,779.0339706481859,845.1700693028944,66.13609865470846,0.49041989400733793,0.2816958825927436,31.007085043628607,12267
pair_1860_nb,False Positive,996.6930202983616,98.87875402649152,261.38,1305.63,0.04043368386728621,894.4078883000407,1030.0145209947004,135.60663269465977,0.12719119445576846,0.008968609865470852,116.72966849754684,12267
pair_1965_nb,False Positive,1017.0136822368958,103.10267552175898,259.17,1346.47,0.025760169560609766,960.1011618426417,1020.7492947411333,60.64813289849167,0.03913575214023644,0.017937219730941704,91.49128544434741,12267
pair_0341_nb,False Positive,998.0345243335779,84.76220109575284,553.02,1293.51,0.012961604304230863,1018.1533876885445,1004.257158581329,-13.896229107215504,0.009376273950264982,0.016714227476559314,-17.81330365937607,12267
pair_0450_nb,False Positive,889.0159003831418,94.82445797079713,167.01,1190.69,0.13695280019564685,904.1055238483492,928.2098247044435,24.104300856094255,0.10925397472482674,0.05462698736241337,46.98683227755317,12267
pair_0549_nb,False Positive,890.6901793429527,67.27208942268335,412.9,1131.25,0.08380207059590772,879.8376192417447,873.0557480635956,-6.781871178149117,0.1210762331838565,0.1581736649001223,-7.18452436547336,12267
pair_0567_nb,False Positive,949.0870481780387,84.25649659041683,241.46,1277.34,0.04581397244640091,955.2464084794129,967.3617040358744,12.115295556461433,0.05666530778638402,0.029351814105177332,-2.247365745357842,12267
pair_0584_nb,False Positive,824.7508632917584,149.2379041728806,30.78,1204.41,0.3945544958017445,843.7694333469221,865.0872686506318,21.31783530370967,0.3192009783938035,0.26498165511618427,25.12032397512057,12267
pair_0602_nb,False Positive,914.3390902421129,111.09929279293002,49.74,1291.35,0.12586614494171355,849.359677945373,999.999249898084,150.63957195271098,0.2079086832450061,0.04321239298817774,171.35002844279188,12267
pair_0684_nb,False Positive,1020.0991081764082,91.42961250082662,378.45,1317.09,0.019564685742235265,1060.9165185487157,1006.0653730126376,-54.85114553607809,0.005299633102323685,0.03261312678353037,-60.99906834108356,12267
pair_0736_nb,False Positive,895.4607075894677,77.96278980357225,371.25,1200.46,0.09668215537621261,903.1431838565022,875.6303709743173,-27.512812882184903,0.07582551977170811,0.1292295148797391,-19.66923049768984,12267
pair_0748_nb,False Positive,841.7087274802315,112.15282765346274,0.0,1186.89,0.2765142251569251,828.3282225845902,857.2318915613535,28.903668976763242,0.3163473298002446,0.20587036282103546,40.033998311772415,12267
pair_0765_nb,False Positive,949.0755865329745,97.41619529365094,340.43,1234.32,0.0690470367653053,907.5360211985326,1011.0371259682023,103.50110476966972,0.1031390134529148,0.014675907052588666,138.25923365135515,12267
pair_0776_nb,False Positive,1008.6363821635282,82.64925801125938,72.83,1260.84,0.015651748593788213,974.3328006522624,1019.551178149205,45.218377496942594,0.024867509172441907,0.011822258459029759,44.50184681112608,12267
pair_0782_nb,False Positive,898.9061661367897,66.99577561926488,0.0,1147.39,0.06513409961685823,892.3919771708111,910.4019323277619,18.00995515695081,0.07541785568691398,0.05462698736241337,18.883104990422193,12267
pair_0811_nb,False Positive,1002.8433545284096,108.59281699840422,244.83,1313.76,0.05021602673840385,966.6450998777009,998.9006481858949,32.255548308193966,0.059926620464737054,0.05625764370158989,9.708370050210672,12267
pair_0868_nb,False Positive,846.6929061710279,97.39916511475944,71.88,1083.26,0.23991195891415995,823.2647778230738,841.8901671422748,18.625389319200963,0.3122706889523033,0.2613126783530371,19.577303221451164,12267
pair_0876_nb,False Positive,1005.1228580745088,89.57178777853541,357.34,1305.03,0.022499388603570557,1012.5082388911538,972.6224541377904,-39.885784753363396,0.016306563391765186,0.037912759885854054,-54.37353898739673,12267
pair_0878_nb,False Positive,941.5572014347438,154.7627686368545,0.0,1326.75,0.1544794978397326,922.2262902568283,974.1200896860987,51.893799429270416,0.18589482266612312,0.06481858948226661,101.65614877900528,12267
pair_0883_nb,False Positive,893.672102388522,97.70949879112653,135.53,1189.0,0.14901768973669194,821.3765022421525,896.1029392580513,74.7264370158988,0.3823889115368936,0.11373827965756217,66.4534969834454,12267
pair_0891_nb,False Positive,1144.5741379310343,123.8256979701005,318.94,1486.79,0.009945381918969593,1056.159779861394,1214.776807990216,158.61702812882186,0.014268242967794538,0.006930289441500204,164.7386586046064,12267
pair_0908_nb,False Positive,909.4979400016305,129.5827172951943,167.57,1224.31,0.16499551642618407,933.9584508764779,848.3563473298002,-85.60210354667765,0.08764777823073787,0.26905829596412556,-101.00495575020837,12267
pair_0932_nb,False Positive,981.8710467106871,97.9372518591206,398.15,1413.1,0.031140458139724464,949.424561761109,1036.0092376681614,86.58467590705243,0.04525071341214839,0.016714227476559314,119.42662403836134,12267
pair_0940_nb,False Positive,673.040057878862,115.2370165543032,0.0,997.9,0.9041330398630472,692.4108887077049,671.6166775377089,-20.794211169995947,0.9192825112107623,0.8088055442315532,-28.453434439604056,12267
pair_0974_nb,False Positive,874.9515138175592,72.68995344531004,377.43,1128.78,0.1351593706692753,892.915360782715,880.5711496127192,-12.344211169995788,0.14594374235629842,0.10925397472482674,-40.75500817361473,12267
pair_0977_nb,False Positive,827.0086728621505,82.99342438562516,216.84,1155.63,0.3432787152523029,832.6687077048512,806.5677415409704,-26.1009661638808,0.30207908683245005,0.4488381573583367,-38.603352988123795,12267
pair_1011_nb,False Positive,1120.4265305290617,158.28195451445364,123.95,1544.56,0.03970000815195239,1090.38466367713,1105.7077537708929,15.323090093762858,0.04239706481858948,0.03995108030982471,-19.856040237101436,12267
pair_1023_nb,False Positive,931.3170310589386,83.21665930785393,280.64,1228.01,0.05812342055922393,921.7403098247042,930.628609865471,8.888300040766808,0.0591112922951488,0.0688952303302079,16.814561551612915,12267
pair_1102_nb,False Positive,986.5849351919785,109.81938839566492,175.88,1354.57,0.04304230863291758,939.5275377089278,916.0918589482267,-23.43567876070108,0.08397880146759071,0.07664084794129637,-62.9600301212913,12267
pair_1313_nb,False Positive,1074.5299576098475,92.00336859246761,331.65,1395.63,0.009048667155783811,1015.9009539339585,1091.6139502649814,75.71299633102296,0.025275173257236036,0.003261312678353037,75.38678647804001,12267
pair_1397_nb,False Positive,847.5530072552378,91.14214515528566,72.36,1176.74,0.26102551561098886,861.2842723196086,823.7903261312678,-37.49394618834083,0.21361598043212393,0.33102323685283325,-64.11461337060003,12267
pair_1654_nb,False Positive,875.256773457243,85.75953735838827,209.95,1137.71,0.14714274068639438,876.5116021198533,864.8934121483898,-11.618189971463494,0.14227476559315125,0.17814920505503465,-7.833822673745226,12267
pair_1656_nb,False Positive,930.1242854813728,80.73845140164919,234.94,1175.99,0.054373522458628844,940.0573053403996,924.411479820628,-15.64582551977162,0.04606604158173665,0.07378719934773746,-28.21580126422508,12267
pair_1658_nb,False Positive,887.2568989973098,79.0561453973481,327.86,1135.18,0.1164913996902258,884.1396331023237,876.3009009376275,-7.838732164696239,0.11618426416632695,0.14757439869547492,10.634522605640417,12267
pair_1671_nb,False Positive,901.739563870547,93.9909489936004,123.96,1218.26,0.12374663731963806,902.0382551977173,922.4861475743987,20.447892376681466,0.13860578883000407,0.07541785568691398,20.239805553209905,12267
pair_1679_nb,False Positive,1087.990991277411,136.15522430848077,234.02,1534.25,0.02999918480476074,984.1251243375457,1101.5919567876072,117.46683245006147,0.08968609865470852,0.02445984508764778,118.36563338636746,12267
pair_1709_nb,False Positive,896.5678038640254,101.77685224135757,120.22,1233.17,0.1466536235428385,827.7868079902161,953.8765511618425,126.08974317162642,0.3273542600896861,0.05177333876885446,142.30017450095343,12267
pair_1710_nb,False Positive,876.6727007418276,104.51770176262784,328.86,1281.54,0.23608054128963887,800.3952792498982,824.0104076640848,23.615128414186643,0.4834896045658377,0.3770892784345699,19.038180870958655,12267
pair_1737_nb,False Positive,938.278794326241,101.16715324103113,0.0,1239.24,0.08070432868672046,934.135601304525,985.7331675499388,51.59756624541376,0.04647370566653078,0.050958010599266204,56.678493365302174,12267
pair_1758_nb,False Positive,942.5871354039293,140.53400152015578,229.29,1324.95,0.13491481209749734,902.1311169995923,987.3467346106809,85.21561761108853,0.2132083163473298,0.08030982470444353,117.29066038867988,12267
pair_1784_nb,False Positive,1001.2172617591914,105.18617126200246,338.15,1452.73,0.03366756338142985,877.694826742764,1021.2839584182633,143.5891316754993,0.13208316347329802,0.011822258459029759,151.57707604192763,12267
pair_1785_nb,False Positive,1020.3028849759517,115.03661839580055,243.9,1379.84,0.036765305290617105,1001.7444883815735,1059.9267916836527,58.18230330207916,0.048512026090501426,0.028944150020383204,87.7500026552985,12267
pair_1792_nb,False Positive,957.7780867367735,95.07473290296066,0.0,1282.89,0.04483573815928915,945.0912800652263,1016.6760578883001,71.58477782307375,0.10110069302894414,0.011822258459029759,57.2652786528435,12267
pair_1835_nb,False Positive,908.5192263797179,106.31463320923488,249.82,1272.8,0.13931686638950028,901.8120546269874,849.9541459437423,-51.857908683245114,0.11455360782715043,0.26905829596412556,-54.364639139753464,12267
pair_1847_nb,False Positive,1015.7074345805821,132.709361866589,392.58,1373.21,0.07842178201679302,845.5323807582553,1024.3323766816143,178.799995923359,0.32694659600489195,0.025275173257236036,197.48033174725109,12267
pair_1914_nb,False Positive,986.1715048504117,91.10126103075643,245.2,1271.87,0.03383060242928181,984.3642845495311,974.5405421932328,-9.82374235629834,0.03587443946188341,0.017121891561353443,-5.338605151773423,12267
pair_1922_nb,False Positive,861.7569177468004,83.09244137383236,0.0,1131.1,0.17942447216108257,834.7411577660008,877.0463310232368,42.30517325723599,0.24989808397880148,0.13982878108438646,63.13255068689702,12267
pair_1938_nb,False Positive,1011.3978698948397,88.05702274790248,315.63,1368.35,0.018341892883345562,1016.7090419894008,1010.5328862617204,-6.176155727680452,0.05014268242967795,0.00978393803505911,28.639106564623475,12267
pair_1961_nb,False Positive,910.7131254585473,88.357490087892,134.87,1228.0,0.0855139805983533,921.6299714635142,885.7577456176111,-35.87222584590302,0.07908683245006115,0.09947003668976763,-29.616679177667613,12267
pair_0008_low_pkt,Low Confidence,991.0487005787886,175.18008669343916,67.91,1447.63,0.1384201516263145,888.2245984508764,1037.5280391357524,149.3034406848759,0.2694659600489197,0.08397880146759071,186.36469127689801,12267
pair_0393_low_pkt,Low Confidence,779.0454063748268,96.62744724652546,0.0,1098.78,0.5508274231678487,786.4849327354259,776.6825397472483,-9.802392988177644,0.5197717081125153,0.575621687729311,-26.97861790119306,12267
pair_0482_low_pkt,Low Confidence,902.5353109969838,101.37448527674512,0.0,1205.4,0.13067579685334638,910.4171096616387,883.5717488789238,-26.84536078271492,0.1129229514879739,0.17366490012229924,-32.39385967090405,12267
pair_0482_nb,False Positive,891.7779016874541,159.83264819707065,106.44,1343.13,0.28246515040352166,852.3262209539339,762.5561557276804,-89.77006522625345,0.3652670199755402,0.6233183856502242,-93.05514822346579,12267
pair_1331_low_pkt,Low Confidence,822.5435566968289,107.54129774574103,0.0,1165.5,0.35020787478601123,849.2055849979618,820.2393395841826,-28.96624541377912,0.2698736241337138,0.35548308194048106,-22.15714698624022,12267
pair_1931_low_pkt,Low Confidence,816.3931971957284,78.54491662157028,285.6,1082.04,0.3875438167441102,841.7749979616796,792.3716836526702,-49.403314309009374,0.2588666938442723,0.5385242560130452,-52.52450362623667,12267
pair_0065_low_pkt,Low Confidence,873.3884658025597,138.3295154593784,0.0,1289.95,0.23974891986630797,876.0451447207502,853.209461883408,-22.83568283734212,0.21076233183856502,0.2796575621687729,-39.73247431477151,12267
pair_0947_low_pkt,Low Confidence,811.9544574875683,84.95647230938683,268.04,1098.21,0.372055107198174,804.745010191602,840.5291887484713,35.78417855686928,0.40521810028536487,0.18752547900529964,43.87367618499472,12267
pair_0948_low_pkt,Low Confidence,891.2256411510556,134.88313287974694,128.08,1261.38,0.2321676041411918,815.0673624133714,888.413697513249,73.34633509987759,0.38361190379127597,0.2119853240929474,129.69090154400425,12267
pair_1413_low_pkt,Low Confidence,838.5857112578461,206.1373244274447,0.0,1366.05,0.33814298524496617,672.3999592335915,919.5399551569506,247.13999592335904,0.6710150835711374,0.12066856909906237,272.3728832219663,12267
pair_0715_fail_gate,Fail Geometry,1045.5757976685416,140.27916111953772,226.22,1403.22,0.05706366674818619,980.7831145536078,1102.4289441500205,121.64582959641268,0.0770485120260905,0.013452914798206279,181.7853636869833,12267
pair_1094_fail_gate,Fail Geometry,980.4674867530774,110.17955176268248,299.97,1308.65,0.061465721040189124,1026.4445413779047,922.3976029351816,-104.0469384427231,0.029759478189971465,0.12026090501426824,-141.4679581966712,12267
pair_1682_fail_gate,Fail Geometry,959.1603758050053,134.57333181497896,0.0,1294.31,0.11160022825466699,980.4599388503873,986.3530493273541,5.893110476966854,0.06767223807582552,0.07052588666938443,11.519780863718342,12267
pair_1739_fail_gate,Fail Geometry,884.2946417216924,99.71467027201884,194.29,1211.97,0.16409880166299828,927.2067835303709,933.4790256828372,6.272242152466333,0.05421932327761924,0.07582551977170811,0.4176959026192651,12267
pair_1941_fail_gate,Fail Geometry,985.9579310344828,127.35403012194433,0.0,1395.07,0.07491644248797587,952.743591520587,1048.0832123929881,95.33962087240116,0.08887077048512027,0.027721157766000815,133.58588325394146,12267
pair_0014_fail_gate,Fail Geometry,666.0629542675472,142.5029060145515,0.0,1123.75,0.8452759435884895,614.9513452914798,667.1521524663677,52.20080717488793,0.9604565837749695,0.757847533632287,65.1614845686093,12267
pair_0263_fail_gate,Fail Geometry,971.4192687698704,97.10114173220768,283.25,1243.34,0.0545365615064808,968.5534692213616,982.8968569099063,14.34338768854468,0.06685690990623726,0.040766408479412965,14.531966481361913,12267
pair_0540_fail_gate,Fail Geometry,905.8670946441673,70.49506335495083,380.77,1154.78,0.060569006277003345,940.463033020791,893.3978108438647,-47.06522217692634,0.03628210354667754,0.07867916836526702,-37.15379069693449,12267
pair_0997_fail_gate,Fail Geometry,1018.3873978967963,131.44010770382528,215.21,1387.12,0.05722670579603815,935.3432042397064,1054.1530615572767,118.80985731757028,0.14064410925397472,0.027721157766000815,158.94418706123292,12267
pair_1745_fail_gate,Fail Geometry,902.464875682726,95.16214345896185,64.52,1162.07,0.12048585636259884,909.2123155320014,846.066461475744,-63.14585405625746,0.07786384019567875,0.27802690582959644,-58.95426984036235,12267
bind_019_binder,Binder,926.54163528165,150.61338226149275,0.0,1361.64,0.1719246759598924,934.1267386873216,922.5338524256014,-11.592886261720196,0.13982878108438646,0.1789645332246229,-18.061907431670118,12267
bind_020_binder,Binder,1058.7222474932746,131.00059933425626,282.85,1391.9,0.04271623053721366,1030.6440032613127,1078.4398124745212,47.795809213208486,0.07215654300856095,0.039543416225030575,39.637450962896544,12267
bind_022_binder,Binder,892.111584739545,148.61564553562175,134.5,1330.53,0.23070025271052416,855.7308927843457,888.0413208316347,32.310428047289065,0.2364451691805952,0.2678353037097432,69.1038541410257,12267
bind_034_binder,Binder,902.3527284584658,95.77421036127178,284.35,1199.42,0.1214640906497106,894.1443130860172,882.7609987770078,-11.383314309009393,0.12270688952303302,0.14105177333876887,-8.313134828641143,12267
bind_041_binder,Binder,1050.681768158474,140.4297651051669,183.99,1483.48,0.05192793674084943,959.7886913982878,1064.6717325723603,104.88304117407245,0.13575214023644516,0.01956787607011822,76.88830020310246,12267
bind_043_binder,Binder,867.8997203880331,128.32617236078264,0.0,1273.1,0.22320045650933398,827.207639624949,900.1612066856911,72.9535670607421,0.3452914798206278,0.154097024052181,66.95376092091173,12267
bind_069_binder,Binder,905.7782693405071,83.31186668296161,282.42,1168.04,0.08535094155050134,903.5482918874847,927.6857562168774,24.137464329392742,0.08968609865470852,0.06726457399103139,23.693064184943378,12267
bind_076_binder,Binder,985.3222972201843,103.00591931555635,284.97,1293.84,0.058367979131001876,876.7870607419487,1004.3896167957603,127.60255605381155,0.2568283734203017,0.010191602119853241,128.37471857543957,12267
bind_080_binder,Binder,1091.5136170212766,156.66969741312582,260.07,1489.42,0.047199804353142576,1054.6674847125967,1162.112229922544,107.44474520994731,0.04239706481858948,0.013045250713412148,162.70630435397982,12267
bind_083_binder,Binder,919.0351675226216,111.35710548245554,0.0,1283.58,0.12928996494660472,849.927024052181,1013.7303302079087,163.80330615572768,0.24052181002853648,0.026090501426824297,172.15141092912882,12267
bind_088_binder,Binder,955.0038892964866,103.78870567994065,298.74,1259.58,0.07238933724627049,944.3262984101101,914.4881695882592,-29.838128821850887,0.08030982470444353,0.10640032613126783,-8.932124222039386,12267
bind_099_binder,Binder,966.3201687454145,126.24373560111303,0.0,1254.82,0.09774190918725034,900.9126498165509,957.0438646555237,56.131214838972824,0.16184264166326948,0.12474520994700367,24.682225199133452,12267
bind_100_binder,Binder,1078.2824659655987,138.20468127502474,355.81,1532.46,0.039455449580174454,1059.3025927435792,1070.7917244190787,11.489131675499493,0.03261312678353037,0.03628210354667754,28.827524805710695,12267
bind_101_binder,Binder,952.44926713948,95.05373407463739,115.3,1273.36,0.05755278389174207,912.0227639624949,949.3331064003261,37.310342437831196,0.09743171626579698,0.049735018344883815,40.311076828789,12267
bind_102_binder,Binder,1039.8454846335696,130.33366326112866,0.0,1397.29,0.05233553436047934,1059.8509009376273,1011.7115654300856,-48.13933550754177,0.053811659192825115,0.03383611903791276,-71.6565007184855,12267
bind_110_binder,Binder,961.7142235265345,116.00209463413819,0.0,1274.65,0.08135648487812831,897.4523766816143,1002.6844720750101,105.23209539339587,0.17692621280065227,0.013452914798206279,128.2420918529144,12267
pair_3061_binder,Binder,936.1012545854732,123.78149140367684,258.92,1260.47,0.12782261351593707,852.0292009783939,971.6335222176928,119.60432123929888,0.23562984101100692,0.06278026905829596,158.23276438101283,12267
nonb_006_nb,False Positive,1012.526708241624,172.12680022744922,0.0,1464.16,0.11420885302029836,979.6496697920912,1017.966404402772,38.31673461068078,0.14757439869547492,0.09743171626579698,41.18998303001134,12267
nonb_008_nb,False Positive,845.9283663487405,66.97868311610195,245.36,1123.41,0.24659655987609033,832.515980432124,894.879779861394,62.36379942926999,0.3330615572768039,0.05829596412556054,76.58567384498305,12267
nonb_009_nb,False Positive,901.1602070595908,93.34079222242568,252.43,1265.33,0.12081193445830277,861.2403505911129,916.6026294333469,55.36227884223399,0.232776192417448,0.06359559722788423,70.59720430799456,12267
nonb_010_nb,False Positive,865.1081690714926,129.65076476172322,86.71,1278.94,0.23877068557919623,827.6716714227476,878.0503913575213,50.3787199347737,0.3640440277211578,0.16673461068079903,55.66590362159588,12267
nonb_011_nb,False Positive,923.1495092524659,135.62190764413927,196.43,1343.8,0.14763185782995028,852.8120994700369,951.7598980839789,98.94779861394204,0.22503057480635957,0.14105177333876887,124.67097136320389,12267
nonb_013_nb,False Positive,895.2599608706284,136.16292564278984,115.94,1323.52,0.1979294040922801,832.032413371382,888.7500203832044,56.71760701182245,0.3192009783938035,0.1830411740725642,59.22668037135587,12267
nonb_014_nb,False Positive,966.5556941387462,119.14220630246348,0.0,1313.51,0.08045977011494253,931.5308927843458,937.1800000000001,5.649107215654226,0.07501019160211986,0.13942111699959234,-11.497569769562366,12267
nonb_017_nb,False Positive,933.4988464987366,116.86644373149795,0.0,1249.7,0.12121953207793267,937.0166123114553,950.4673257236038,13.450713412148502,0.07745617611088464,0.0823481451284142,38.618081386572946,12267
nonb_018_nb,False Positive,878.186991114372,148.45541599498563,0.0,1308.05,0.22972201842341242,911.8861720342439,900.6711985324092,-11.21497350183472,0.18344883815735832,0.16836526701997553,23.51700745389327,12267
nonb_019_nb,False Positive,963.3725768321514,174.75713591205488,0.0,1427.96,0.17208771500774436,969.2533183856501,980.1897472482675,10.93642886261739,0.17814920505503465,0.15491235222176927,8.065343113603001,12267
nonb_021_nb,False Positive,951.4628099779898,148.66888925720056,0.0,1409.61,0.1355669682889052,914.5174072564208,986.653807582552,72.13640032613114,0.20301671422747655,0.11985324092947411,81.12284450723602,12267
nonb_022_nb,False Positive,864.8020942365696,172.30063042360294,0.0,1326.88,0.35672943670008966,731.8316306563391,947.8406807990216,216.00905014268244,0.6812066856909906,0.1622503057480636,303.78341881560453,12267
nonb_023_nb,False Positive,916.0674321349965,84.15942784767407,104.13,1160.12,0.08021521154316459,903.9406807990217,916.318711781492,12.37803098247025,0.10925397472482674,0.07541785568691398,9.430584514123833,12267
nonb_024_nb,False Positive,895.5917404418358,85.70253945047186,280.83,1179.87,0.11086655253933317,881.0812922951488,889.0036200570729,7.922327761924066,0.13575214023644516,0.12352221769262128,9.127982700371568,12267
nonb_025_nb,False Positive,987.1675421863537,94.15769253432951,212.93,1377.06,0.03065134099616858,998.5591765185487,964.5001956787605,-34.058980839788205,0.04362005707297187,0.048512026090501426,-56.01403912442768,12267
nonb_026_nb,False Positive,841.6723909676368,100.05581995118328,198.37,1148.82,0.3360234776228907,876.4685364859355,771.4279209131676,-105.04061557276793,0.18222584590297594,0.6294333469221361,-164.45464226551022,12267
nonb_029_nb,False Positive,1074.4489687780224,192.52781802736035,164.48,1618.47,0.09472568680198908,1034.5390501426825,1130.8425112107623,96.30346106807974,0.11496127191194455,0.03465144720750102,137.38991307764806,12267
nonb_032_nb,False Positive,966.6574305046058,83.38083039971113,428.83,1278.96,0.027472079563055352,923.5592091316756,940.6357480635957,17.076538931920027,0.03872808805544232,0.036689767631471665,12.257795627815828,12267
nonb_046_nb,False Positive,889.5244623787396,104.92887102676481,102.34,1221.75,0.15888155213173555,858.3699347737465,922.5034162250305,64.13348145128396,0.19567876070118223,0.1402364451691806,97.95971245031184,12267
nonb_047_nb,False Positive,912.407795712073,164.20221292416196,224.5,1318.87,0.2252384446074835,1010.8856094578067,873.0880554423155,-137.7975540154912,0.09294741133306156,0.28699551569506726,-162.42963656698458,12267
nonb_048_nb,False Positive,739.6144966169398,129.51937300123723,0.0,1098.54,0.6449824733023559,794.6279331430901,690.5066612311455,-104.12127191194463,0.5046881369751325,0.7476559315124337,-140.8464714575747,12267
nonb_049_nb,False Positive,777.4356916931606,74.01737852335734,225.96,1032.34,0.6062606994375153,783.406326946596,785.8131553200162,2.4068283734202396,0.518956379942927,0.5527924989808398,-11.714360796694802,12267
nonb_050_nb,False Positive,702.1976334882205,142.4059052068855,0.0,1126.87,0.739789679628271,662.8503220546269,765.8520953933959,103.001773338769,0.871178149205055,0.5707297187117815,90.57188945617654,12267
nonb_051_nb,False Positive,1005.7633871362191,110.7950972470911,239.46,1339.99,0.04850411673595826,983.280697105585,1011.0801916021198,27.799494496534862,0.07215654300856095,0.03872808805544232,17.19339806440703,12267
nonb_052_nb,False Positive,970.0973587674249,112.20637368582138,192.02,1299.1,0.07385668867693812,976.506196494089,977.312731349368,0.8065348552790965,0.048512026090501426,0.07501019160211986,25.7774474504071,12267
nonb_053_nb,False Positive,881.2940189125296,93.85648756530539,251.48,1288.79,0.15643596641395613,862.5059600489197,883.5420505503465,21.03609050142677,0.19853240929474114,0.10843864655523848,1.143086367450415,12267
nonb_054_nb,False Positive,832.5028849759516,98.54314860317169,0.0,1107.42,0.2858889704084128,812.2598817774153,856.5240684875663,44.264186710150966,0.35262943334692215,0.1969017529555646,60.85687729881668,12267
nonb_056_nb,False Positive,933.0623273824081,112.2382273173179,242.19,1324.99,0.09619303823265672,888.6840114145944,916.4569506726459,27.772939258051565,0.14105177333876887,0.09824704443538525,28.07891340003157,12267
nonb_066_nb,False Positive,951.4421700497269,123.50303087858768,0.0,1366.17,0.10605690062770033,943.7242070933551,972.7015735833672,28.977366490012173,0.09743171626579698,0.11169995923359152,41.74272922821001,12267
nonb_067_nb,False Positive,910.024821064645,99.80043303832001,262.77,1233.86,0.11119263063503709,884.2841989400735,953.6825275173256,69.39832857725219,0.13371381981247452,0.059926620464737054,115.41691514359785,12267
nonb_068_nb,False Positive,930.7098182114617,151.1775074392582,0.0,1275.36,0.17119100024455858,808.6354545454545,956.2132939258051,147.5778393803506,0.4300856094578068,0.12556053811659193,158.09993559505756,12267
nonb_071_nb,False Positive,984.99158392435,106.0697828497439,250.08,1335.99,0.05698214722426021,993.618601712189,995.0695108030982,1.4509090909091356,0.03383611903791276,0.03139013452914798,3.842934687710984,12267
nonb_072_nb,False Positive,867.0591701312464,79.84255069604758,338.0,1132.94,0.18048422597212033,841.7228821850795,867.2286547085203,25.505772523440783,0.2572360375050958,0.20464737056665308,34.788994458400026,12267
nonb_073_nb,False Positive,910.8457569087797,131.39904848412175,27.2,1285.24,0.17127251976848457,899.2046799836935,863.7439461883407,-35.46073379535278,0.15287403179779863,0.29392580513656746,-21.77377668445398,12267
nonb_074_nb,False Positive,1018.6877614738729,141.18820113551203,222.03,1509.31,0.07255237629412244,967.3367305340399,1014.7169139828783,47.38018344883835,0.11618426416632695,0.06930289441500204,49.69529331439699,12267
nonb_075_nb,False Positive,1003.2133178446237,159.5280316208615,230.18,1537.25,0.09333985489524742,857.14600896861,1127.428312270689,270.2823033020791,0.24052181002853648,0.025682837342030168,347.2208436489288,12267
nonb_080_nb,False Positive,976.5286997635934,104.28957373271017,292.27,1319.58,0.04768892149669846,974.4444190786792,1006.198956379943,31.75453730126378,0.049735018344883815,0.028944150020383204,37.65813902409249,12267
nonb_081_nb,False Positive,910.3651096437598,193.12904222566024,0.0,1380.29,0.25515610988831827,907.3294496534855,906.4096616388096,-0.9197880146759871,0.26049735018344883,0.2556053811659193,8.104592278918288,12267
nonb_082_nb,False Positive,977.9018619059265,110.73231857127226,281.31,1286.54,0.06277003342300481,925.0187362413371,995.2385487158582,70.21981247452106,0.13167549938850387,0.03995108030982471,87.60311946937414,12267
nonb_085_nb,False Positive,867.6013507785115,113.00141698942166,106.08,1276.14,0.20322817314746883,845.6237912759887,866.9776070118222,21.353815735833564,0.22462291072156543,0.2568283734203017,51.905683333090124,12267
nonb_086_nb,False Positive,865.7843335778917,86.46545783415267,0.0,1121.34,0.1830928507377517,816.1925193640441,875.9992825112108,59.80676314716675,0.3550754178556869,0.12963717896453322,55.519585375540935,12267
nonb_087_nb,False Positive,746.3015138175593,65.84792472898009,0.0,983.17,0.8129126925898753,732.8827761924174,711.9634162250305,-20.919359967386868,0.8389726865063188,0.9649408887077049,-30.057117084230303,12267
nonb_088_nb,False Positive,1087.222862150485,140.68052032382582,236.0,1478.58,0.03692834433846906,1119.1935344476153,992.3357072971872,-126.85782715042808,0.017529555646147575,0.07990216061964941,-186.93902611226903,12267
nonb_089_nb,False Positive,357.6344778674492,179.61466828674912,0.0,881.99,0.9995924023803701,411.9929922543824,335.21834488381575,-76.77464737056664,1.0,1.0,-156.1854293214963,12267
nonb_115_nb,False Positive,897.3338958180483,84.00657071144241,255.86,1196.65,0.1024700415749572,899.0249327354261,898.166432939258,-0.8584997961680756,0.1512433754586221,0.08968609865470852,-2.829574165078067,12267
nonb_116_nb,False Positive,869.1756696828892,141.2983721542424,0.0,1287.57,0.23412407271541535,836.1054830819405,871.0826090501425,34.97712596820202,0.37668161434977576,0.23073787199347737,48.33020915778159,12267
nonb_117_nb,False Positive,896.3996356077279,89.7933986872579,345.95,1195.61,0.11437189206815032,909.376999592336,875.040024459845,-34.336975132491034,0.10395434162250305,0.12229922543823889,-41.88405306195384,12267
