seq_id,mean_n_hydrophobic,std_n_hydrophobic,occ_n_hydrophobic_gt0,mean_n_polar,std_n_polar,occ_n_polar_gt0,mean_n_pos_charged,std_n_pos_charged,occ_n_pos_charged_gt0,mean_n_neg_charged,std_n_neg_charged,occ_n_neg_charged_gt0,mean_n_other,std_n_other,occ_n_other_gt0,mean_n_total,std_n_total,occ_n_total_gt0,mean_frac_hydrophobic,std_frac_hydrophobic
bind_019_binder,14.588489443221652,2.2064826399239026,1.0,1.441672780630961,0.7861303241113665,0.9129371484470532,1.9811689899730984,0.7621010950849502,0.9971468166625906,0.5602021684193365,0.5036987751334602,0.5565337898426673,0.0,0.0,0.0,18.571533382245047,2.514294009610423,1.0,0.7852798635427829,0.0501579643191559
bind_020_binder,13.961359745659085,1.2078951615940567,1.0,2.8621504850411674,0.861856984837914,0.9988587266650364,0.9943751528491074,0.2724566890188184,0.9618488628026411,0.0486671557838102,0.2151712428084305,0.0486671557838102,0.0,0.0,0.0,17.86655253933317,1.4518310375561996,1.0,0.7822116855912977,0.0435203091403287
bind_022_binder,12.94342545039537,1.8591193820483356,1.0,2.2176571288823674,1.06290512264164,0.9598108747044918,2.524904214559387,0.6108407463625999,0.999429363332518,1.0101899404907475,0.1126708940639681,0.9986956876171844,0.0,0.0,0.0,18.69617673432787,2.624679396180293,1.0,0.6933316184029634,0.0439166350311896
bind_034_binder,13.532322491236652,1.4082040226876604,1.0,3.603081438004402,0.5513054326671568,1.0,0.8112823021113557,0.4618059517260774,0.7817722344501508,8.151952392598027e-05,0.0090284482882275,8.151952392598027e-05,0.0,0.0,0.0,17.946767750876337,1.5355423214700723,1.0,0.7535284426543498,0.0366415008173297
bind_041_binder,14.280753240401076,1.494728266234388,1.0,1.6224830846987854,0.903455643379856,0.9158718513083884,1.272275209912774,0.6930815333072096,0.9189695932175757,0.0954593625173229,0.3567487542177987,0.0749979620119018,0.0,0.0,0.0,17.27097089752996,1.6576496785274426,1.0,0.8276949785718292,0.052188141247516
bind_043_binder,14.119915219695116,1.3478243086496529,1.0,1.2316784869976358,0.4836589284540756,0.9799461971142088,2.467351430667645,0.9105091999413438,0.99959240238037,0.3797179424472161,0.4853166251333956,0.3797179424472161,0.0,0.0,0.0,18.198663079807613,1.900278606323472,1.0,0.777905892908914,0.0468015674236951
bind_069_binder,17.489850819271215,1.221645438664724,1.0,1.0675796853346375,0.264619255766362,0.999836960952148,1.5773212684437925,0.5620690718665791,1.0,0.0409228010108421,0.1993420239483511,0.0406782424390641,0.0,0.0,0.0,20.175674574060487,1.2954517602507791,1.0,0.8670655140228786,0.0310526912142726
bind_076_binder,13.339447297627782,1.6148345643776605,1.0,5.657291921415179,0.9146888437618408,1.0,1.1336104997146816,0.5269312180898675,0.9445667237303336,0.0005706366674818,0.0238811859269088,0.0005706366674818,0.0,0.0,0.0,20.130920355425125,2.0495162818132786,1.0,0.6625731870082144,0.0431181869116203
bind_080_binder,14.126110703513492,1.7028813530953557,1.0,1.1558653297464745,0.6381773724029727,0.8873400179342953,2.217820167930219,0.7920688060403059,0.9974728947582946,0.181462460259232,0.385400876719162,0.181462460259232,0.0,0.0,0.0,17.681258661449416,2.074697854688813,1.0,0.799993931457009,0.0490290999997542
bind_083_binder,15.680035868590528,1.4406873621094192,1.0,0.9644574875682728,0.7831947013431154,0.7268280753240401,1.967066112333904,0.6220516802733218,0.9990217657128884,0.0014673514306676,0.0382779089090112,0.0014673514306676,0.0,0.0,0.0,18.613026819923373,1.7791588567070735,1.0,0.8442022812571168,0.0505780219007346
bind_088_binder,12.330072552376294,1.5959958515760666,1.0,4.937229966576995,1.409816261934786,1.0,0.6806880247819352,0.577438862366397,0.6229722018423413,0.0002445585717779,0.0156364562124194,0.0002445585717779,0.0,0.0,0.0,17.948235102307002,1.7781526353633037,1.0,0.6880215457162105,0.069683270666406
bind_099_binder,14.98173962664058,1.5679472055589727,1.0,2.911062199396756,0.9823571579015608,0.991766528083476,0.6671557838102226,0.8791859226753832,0.4307491644248797,0.0,0.0,0.0,0.0,0.0,0.0,18.55995760984756,1.726527148814767,1.0,0.8073747131276873,0.0422309223389378
bind_100_binder,14.562240156517486,1.527744811710675,1.0,0.8806554169723649,0.8050990758437594,0.6343849351919785,1.735713703431972,0.909770691917144,0.9183174370261676,0.0056248471508926,0.0747877546488844,0.0056248471508926,0.0,0.0,0.0,17.184234124072717,1.7321597810536984,1.0,0.8490510795700673,0.0587938027617349
bind_101_binder,13.50639928262819,1.541952860385145,1.0,2.157414200701068,0.8760759227682532,0.9787234042553192,1.529143229803538,0.9351836502616686,0.8327219369038885,0.0019564685742235,0.0441886954428573,0.0019564685742235,0.0,0.0,0.0,17.19491318170702,1.6206401485578197,1.0,0.7852619460638728,0.0471284983260127
bind_102_binder,12.367408494334391,1.4242393210982924,1.0,2.9552457813646367,0.6955371327177684,0.9956794652319232,0.5227847069373115,0.6688873307381901,0.4248797587022092,0.549849188880737,0.4975088525523266,0.549849188880737,0.0,0.0,0.0,16.395288171517077,2.101683628244295,1.0,0.7574231604150002,0.0558420937037668
bind_110_binder,14.23404255319149,1.764736687417727,1.0,2.788375315888155,0.9710332357657684,0.9861416809325834,0.9228010108420966,0.6535698483649097,0.7794896877802233,0.0,0.0,0.0,0.0,0.0,0.0,17.94521887992174,1.9278835300986032,1.0,0.7932593230102031,0.0516483898643898
nonb_006_nb,11.785603652074672,1.3287441690105042,1.0,1.2536887584576506,0.8051619042112806,0.8323143392842586,1.479253281160838,0.8476260232435335,0.8786174288742153,0.0172006195483818,0.130018299617914,0.0172006195483818,0.0,0.0,0.0,14.535746311241542,1.5418689989709955,1.0,0.8127223247991364,0.0637035292915014
nonb_008_nb,12.837042471671966,1.4210349523961556,1.0,3.4051520339121217,0.5830682338930262,1.0,2.9393494741990707,0.4593951890704808,1.0,0.9772560528246516,0.1616774479965604,0.975299584250428,0.0,0.0,0.0,20.15880003260781,1.4594504867239677,1.0,0.6357414339507018,0.0405249983377855
nonb_009_nb,17.096437596804435,1.6025300552221489,1.0,1.901279856525638,0.4337075256907072,0.999755441428222,2.610581234205592,0.5269880049539062,0.9991848047607402,0.0004075976196299,0.0201849320982353,0.0004075976196299,0.0,0.0,0.0,21.608706285155296,1.6794518220225725,1.0,0.7906605938294626,0.0298991564046971
nonb_010_nb,12.268688350860032,1.3519247740651157,1.0,2.111600228254667,0.602717906510458,0.9970652971386648,3.282872748023152,0.7422561037896003,0.999755441428222,1.3244477052254016,0.4963959234226746,0.9867938371239912,0.0,0.0,0.0,18.98760903236325,2.047932120435809,1.0,0.6471567821601475,0.0400379629607428
nonb_011_nb,15.487894350696992,2.271190663041321,1.0,1.45447134588734,1.311738869173834,0.7568272601288009,1.9038069617673432,0.7146176761006355,0.992255645227032,0.5806635689247575,0.4936156680011007,0.5805820494008315,0.0,0.0,0.0,19.426836227276432,2.500168503557156,1.0,0.7965632558764669,0.0501545368292305
nonb_013_nb,13.99290780141844,1.2625624701739806,1.0,4.032363250998614,0.5862582081879719,1.0,2.350941550501345,0.4816851605324871,1.0,1.218879921741257,0.4444624465572629,0.9867123176000652,0.0,0.0,0.0,21.595092524659652,1.5528468104610806,1.0,0.6476258248354005,0.0294635694863934
nonb_014_nb,12.13589304638461,1.653739701568628,1.0,5.521235835982718,0.8265790382996233,1.0,1.321920599983696,1.1963687739607798,0.624113475177305,0.4903399364147713,0.5000697173588711,0.4902584168908453,0.0,0.0,0.0,19.469389418765797,1.8523658192406465,1.0,0.6246467386468996,0.0739191031169236
nonb_017_nb,13.300888562810794,1.3888661702943033,1.0,2.280508681829298,0.7867912586581366,0.999918480476074,2.3520828238363087,0.591532482405805,1.0,0.0997798972853998,0.3005211914768587,0.0995353387136219,0.0,0.0,0.0,18.0332599657618,1.542909001107636,1.0,0.7377217869514682,0.0471057486756088
nonb_018_nb,14.190185049319313,1.6028450056589425,1.0,2.747534034401239,0.7900659457448047,0.999836960952148,2.474769707344909,0.9815673496628368,0.9979620119018504,0.0023640661938534,0.0485641574093951,0.0023640661938534,0.0,0.0,0.0,19.414852857259312,2.086532174835181,1.0,0.7322395953408877,0.0510694143606591
nonb_019_nb,14.931197521806473,1.9761340100135656,1.0,3.086736773457243,0.5392941587847162,0.9990217657128884,1.255645227031874,0.6477064506453153,0.8957365288986713,0.0011412733349637,0.0337634540611387,0.0011412733349637,0.0,0.0,0.0,19.274720795630557,2.0778872993546096,1.0,0.7732942317988637,0.0443769647386622
nonb_021_nb,14.45365615064808,1.8947698352550468,1.0,1.756175103937393,1.0058004001408598,0.9166055270237222,1.595989239422842,0.6889006173133653,0.9431808918235918,8.151952392598027e-05,0.0090284482882275,8.151952392598027e-05,0.0,0.0,0.0,17.80590201353224,1.9478999545247997,1.0,0.8128232898223037,0.0734743131805004
nonb_022_nb,13.971957283769465,1.377134345632146,1.0,0.8108747044917257,0.9367904614510072,0.5063992826281895,2.001141273334964,0.8528281714171799,0.9825548218798402,0.0682318415260454,0.2521433269551469,0.0682318415260454,0.0,0.0,0.0,16.8522051031222,2.037814998762744,1.0,0.8341282850629207,0.0702977402957865
nonb_023_nb,18.77329420396185,1.4111705184363257,1.0,1.2589875275128393,0.6925871118959231,0.9810059509252466,1.063585228662265,0.2579783448583745,1.0,0.0,0.0,0.0,0.0,0.0,0.0,21.095866960136952,1.263945941302543,1.0,0.8898086181144872,0.039189319170361
nonb_024_nb,13.821227684030326,1.3780397027217806,1.0,3.325833537132143,0.6421667990274152,1.0,1.566153093665933,0.6636681628506216,0.93388766609603,0.020298361457569,0.1410189277356304,0.020298361457569,0.0,0.0,0.0,18.73351267628597,1.795528374563858,1.0,0.7385897436735557,0.040622830104113
nonb_025_nb,14.634629493763756,1.4047982091971634,1.0,0.7282139072307817,0.9453936052135256,0.4871606749816581,2.900790739382082,0.3164290763880485,1.0,0.574468085106383,0.4945882563794256,0.574386565582457,0.0,0.0,0.0,18.838102225483,1.621784300472303,1.0,0.7778972139932664,0.05257345588522
nonb_026_nb,11.56623461318986,1.130836602809382,1.0,4.828319882611885,0.902630670358068,1.0,1.5486263960218472,0.6831983269322031,0.950762207548708,0.6113964294448521,0.4879343733029002,0.6111518708730741,0.0,0.0,0.0,18.554577321268443,1.9115565121035736,1.0,0.6257761344646551,0.0522408033516356
nonb_029_nb,12.951006766120486,1.5957664671334753,1.0,2.116083802070596,0.9215010325992902,0.9779082090160592,2.128311730659493,0.742673644672676,0.9765223771093176,0.1539088611722507,0.3608613634415737,0.1539088611722507,0.0,0.0,0.0,17.349311160022825,1.7790251368946304,1.0,0.7475348197089925,0.0658103861845131
nonb_032_nb,13.88236732697481,1.4170138556574476,1.0,1.066193853427896,0.5518852864933359,0.9110621993967556,3.0922801010842096,0.3798051747688215,1.0,0.4016466943833048,0.4902311977774048,0.4016466943833048,0.0,0.0,0.0,18.442487975870225,1.5872282933116375,1.0,0.7525156409715712,0.038053703463303
nonb_046_nb,15.876742479823918,2.0844569653569303,1.0,2.3864025434091465,0.7668889671141189,0.98418521235836,2.515774027879677,0.98574240242212,0.9903806961767344,0.6537865818863617,0.5254299161891691,0.6289231270889378,0.0,0.0,0.0,21.432705632999102,2.8253011246479347,1.0,0.7421444110557791,0.0446781689322791
nonb_047_nb,15.693894187657945,1.47873083231258,1.0,2.885057471264368,0.8458189640450667,0.9964131409472567,1.6796282709708976,0.537721849311672,0.9685334637645716,0.0022010271460014,0.0468634465815739,0.0022010271460014,0.0,0.0,0.0,20.26078095703921,2.003843248715326,1.0,0.7764555208007816,0.0483577471188294
nonb_048_nb,11.32550745903644,1.999658581685552,1.0,1.177712562158637,0.8386884242480342,0.7468818782098312,3.4352327382408085,0.8284544097898289,1.0,1.756419662509171,0.4311372718255781,0.9991848047607402,0.0,0.0,0.0,17.694872421945057,2.520364719701884,1.0,0.6381227701561822,0.0552054355792861
nonb_049_nb,14.525311812179018,1.421311510853394,1.0,2.302111355669683,0.6275108733201433,1.0,2.822205918317437,0.61827492872577,1.0,0.5902013532240972,0.4917964171042135,0.5902013532240972,0.0,0.0,0.0,20.239830439390232,1.583686780061114,1.0,0.7176966757607859,0.0441332218269957
nonb_050_nb,8.634058857096274,1.5182992970160956,0.9984511290454064,0.8122605363984674,0.7430357082222204,0.6353631694790902,2.384609113882775,0.6296532460775558,0.9962501018994048,0.1158392434988179,0.3235785218990392,0.1151870873074101,0.0,0.0,0.0,11.946767750876337,2.10656505131584,0.9985326485693324,0.7246559794455923,0.0731022000976399
nonb_051_nb,13.14135485448765,1.2862464097335355,1.0,0.8764164017282139,0.6234884560401708,0.743621097252792,3.429281812994212,0.8422197731643434,1.0,0.3484959647835656,0.476493995044153,0.3484959647835656,0.0,0.0,0.0,17.79554903399364,1.72323272262477,1.0,0.7407471114610702,0.0593747810845629
nonb_052_nb,13.423575446319392,1.691719314752243,1.0,0.8772315969674737,0.5185961247203439,0.7997065297138665,2.689003016222385,0.7389602981470524,0.9988587266650364,0.2776554984918888,0.4575664227553365,0.2732534441998859,0.0,0.0,0.0,17.267465558001142,1.8447408608203475,1.0,0.7771222467414565,0.0491779524073848
nonb_053_nb,11.5986793837124,1.5306786009404052,1.0,2.557838102225483,0.7118300606569181,0.999673921904296,2.153501263552621,0.4305483734843696,1.0,0.1661367897611478,0.3752571165466891,0.164995516426184,0.0,0.0,0.0,16.47615553925165,1.6282382060370808,1.0,0.703006856613187,0.0507108797002949
nonb_054_nb,13.07075894676775,1.4063691092411916,1.0,3.942121138012554,0.9228362824849916,1.0,2.9888318252221406,0.3524096279321141,1.0,0.7161490176897367,0.4596395495347501,0.7121545610173636,0.0,0.0,0.0,20.717860927692183,1.767862445731341,1.0,0.6308237811564585,0.0394589092408718
nonb_056_nb,12.667400342382,1.5343939625227223,0.999918480476074,1.5525393331702944,1.2933882065673723,0.7431319801092362,2.425450395369691,1.0712976624399615,0.9804353142577648,0.0491562729273661,0.2161942038058754,0.0491562729273661,0.0,0.0,0.0,16.694546343849353,1.871916968050075,0.999918480476074,0.7603309594892433,0.0613779108605591
nonb_066_nb,13.056900627700337,1.5766672008141698,1.0,1.3115676204450966,0.5111608798302053,0.9947012309448112,2.5267791636096844,0.9821905204036376,0.9598923942284175,0.4416727806309611,0.5166989611584014,0.4314828401402136,0.0,0.0,0.0,17.336920192386078,1.9200305705306095,1.0,0.7547934030328992,0.0664026570530566
nonb_067_nb,12.664302600472814,1.2225163351363906,1.0,4.549115513165403,1.0547558083372426,1.0,1.975544142822206,0.4340094094718703,1.0,0.0859215782179832,0.2802482125090438,0.0859215782179832,0.0,0.0,0.0,19.274883834678405,1.5633960988772313,1.0,0.6578876841166191,0.0489128142674274
nonb_068_nb,12.030406782424391,1.3138605637594651,1.0,4.056819108176408,1.111439479213086,0.999510882856444,2.819026656884324,0.6183413821770521,0.999918480476074,0.0020379880981495,0.0450980565286499,0.0020379880981495,0.0,0.0,0.0,18.908290535583276,1.7223002995178696,1.0,0.6371023331401119,0.0518620618383561
nonb_071_nb,14.455123502078749,1.69809078333912,1.0,1.235428385098231,0.5628424484134659,0.9368223689573651,2.476074019727725,0.9307885391106993,0.999510882856444,0.5847395451210565,0.605850611913424,0.5226216678894595,0.0,0.0,0.0,18.75136545202576,1.7400022354297269,1.0,0.7711396858019828,0.0607234708910187
nonb_072_nb,11.304067824243909,1.3106354590655231,1.0,6.203146653623543,1.1676098810673865,1.0,1.78544061302682,0.5882798479853429,1.0,0.0597538110377435,0.2370301523102265,0.0597538110377435,0.0,0.0,0.0,19.35240890193201,1.7286714288310912,1.0,0.5850611244963052,0.0545669768593265
nonb_073_nb,12.752099127741094,1.2539700856008074,1.0,2.8574223526534603,0.7991207207742922,0.999918480476074,1.4494986549278552,0.9302513668384662,0.9801907556859868,0.3106709056819108,0.5317837278352615,0.2763511861090731,0.0,0.0,0.0,17.36969104100432,1.8017511641748416,1.0,0.7368272205495087,0.0591518974507011
nonb_074_nb,13.617021276595745,1.4576650205356378,1.0,1.8633732779000567,0.7146474145923575,0.9928262818945136,1.93307247085677,0.3862447519944509,0.999429363332518,0.0052172495312627,0.0720418617096426,0.0052172495312627,0.0,0.0,0.0,17.418684274883834,1.658100696077734,1.0,0.7819527644893044,0.0442724227434286
nonb_075_nb,14.707426428629656,2.173957360452727,1.0,2.258579929893209,0.9240226853689492,0.9530447542186352,2.340262492867041,0.6399478479742887,0.999918480476074,0.0,0.0,0.0,0.0,0.0,0.0,19.30626885138991,2.915963097551572,1.0,0.763320001081697,0.0421729055812461
nonb_080_nb,11.666340588570964,1.7269209045673903,1.0,1.835004483573816,0.9405604043309884,0.9316866389500286,3.019727724790087,0.3160377055092672,1.0,0.0128800847803048,0.1127572090660151,0.0128800847803048,0.0,0.0,0.0,16.53395288171517,1.7115408810651644,1.0,0.7037460303605618,0.0559929154319719
nonb_081_nb,10.638542430912205,1.158341084007727,1.0,1.3829787234042554,0.6034307204143979,0.9867123176000652,2.8905192793674086,0.3731389669981706,1.0,0.1214640906497106,0.3281597166311873,0.1209749735061547,0.0,0.0,0.0,15.033504524333578,1.383067008176853,1.0,0.7076737848476115,0.042966335544917
nonb_082_nb,14.413956142496128,1.3526941950879694,0.999918480476074,1.2283361865166706,0.7747666331913399,0.8352490421455939,2.252302926550909,0.6514603771517424,0.999918480476074,0.0049726909594847,0.070341760740731,0.0049726909594847,0.0,0.0,0.0,17.89956794652319,1.4661270853788566,0.999918480476074,0.8058115395961835,0.0471417452646604
nonb_085_nb,15.38958180484226,1.982091266175902,0.9989402461889624,0.8284829216597375,0.7464558834981303,0.6276188147061221,2.737425613434417,0.6942947167704856,0.9983696095214804,1.1565174859378822,0.492834977525845,0.9445667237303336,0.0,0.0,0.0,20.112007825874297,2.664711028550019,0.9991032852368142,0.7661577099680676,0.0538591235426242
nonb_086_nb,13.475258824488463,1.2981177641565007,1.0,3.0714926224830847,1.01606485321383,0.9929078014184396,2.0556778348414446,0.4764762268470601,0.999836960952148,0.0,0.0,0.0,0.0,0.0,0.0,18.602429281812995,1.5156596138865972,1.0,0.7247285651097208,0.0447967733554433
nonb_087_nb,14.4615635444689,1.3261185090673702,1.0,3.247982391782832,0.8321041344886658,1.0,1.2050216026738405,0.4105253618692236,1.0,1.9029102470041572,0.3028849766088569,0.9979620119018504,0.0,0.0,0.0,20.81747778592973,1.3761862906252866,1.0,0.6948782064091784,0.0473934222724171
nonb_088_nb,14.928914975136545,1.186869202214175,1.0,3.525230292655091,0.5912972575291503,1.0,2.131572511616532,0.6765977088547748,0.9638868509007908,8.151952392598027e-05,0.0090284482882275,8.151952392598027e-05,0.0,0.0,0.0,20.58579929893209,1.4210119579882412,1.0,0.7254392599605539,0.0342666063428633
nonb_089_nb,7.87405233553436,2.401400552907628,0.9885057471264368,2.3037417461482024,1.0095435309354697,0.983206978071248,2.3291758376131084,1.225552913409096,0.9855710442651014,0.7121545610173636,0.5271327125395995,0.677916360968452,0.0,0.0,0.0,13.219124480313036,3.721701666107478,0.9894024618896226,0.5886113756613462,0.0920853321281389
nonb_115_nb,16.354202331458385,1.455180541792939,1.0,0.7461482024944974,0.5007132356959071,0.7157414200701068,1.943180891823592,0.6761008360858964,0.979538599494579,0.0025271052417053,0.0502067623015339,0.0025271052417053,0.0,0.0,0.0,19.04605853101818,1.612976666117704,1.0,0.8592800764729535,0.0407974163957401
nonb_116_nb,13.69316051194261,1.9213154818101448,1.0,0.925735713703432,0.8662651794609296,0.6334882204287927,2.1766528083475998,0.5356906637099506,0.9986956876171844,0.4605853101817885,0.501541846844031,0.4590364392271949,0.0,0.0,0.0,17.25613434417543,1.9783046374753872,1.0,0.7933071561388838,0.0639621873675556
nonb_117_nb,14.376294122442324,1.243652714354941,1.0,1.0844542267873156,0.807082522330787,0.7718268525311812,2.4578136463683053,0.7129288834737576,0.9992663242846662,8.151952392598027e-05,0.0090284482882275,8.151952392598027e-05,0.0,0.0,0.0,17.91864351512187,1.555966755712977,1.0,0.8037080649343931,0.0469580692179726
pair_0008_low_pkt,10.729762778185377,1.006992897442112,1.0,0.908698133202902,0.7204826777379574,0.7309855710442651,2.970652971386647,0.2933233103874665,1.0,1.185701475503383,0.5283957702925323,0.938208200864107,0.0,0.0,0.0,15.794815358278308,1.263084296435795,1.0,0.6799738402106986,0.0445514094005543
pair_0014_fail_gate,12.864596070758946,1.0446966330712724,1.0,0.8242439064155865,0.4353602970687583,0.8019075568598679,2.6048748675307736,0.8136876497380554,1.0,1.8372055107198173,0.4041743750952212,1.0,0.0,0.0,0.0,18.130920355425125,1.3683272218631517,1.0,0.710479955411356,0.0430684404389524
pair_0052_nb,13.540719002201028,1.1083184016779148,1.0,2.8248960626069946,0.7008755975803352,1.0,2.847313931686639,0.3863467311810828,1.0,0.0904051520339121,0.2867613302375991,0.0904051520339121,0.0,0.0,0.0,19.30333414852857,1.4781441800829176,1.0,0.7019768608963888,0.0345192089808903
pair_0065_low_pkt,13.80003260780957,1.380449028252014,1.0,1.4021358115268607,1.1664749883325038,0.6548463356973995,2.4978397326159616,0.8450843167870064,0.999429363332518,0.3318659819026657,0.4714022370566363,0.3316214233308877,0.0,0.0,0.0,18.03187413385506,1.790269643398968,1.0,0.7673785495030312,0.0568550909917297
pair_0091_nb,15.925083557512025,1.553275314910126,1.0,1.5887340017934295,0.5349269294452776,0.999918480476074,3.4108584005869407,0.512282789322047,1.0,0.0041574957202249,0.0643444710100355,0.0041574957202249,0.0,0.0,0.0,20.92883345561262,1.5781294335085423,1.0,0.760281069231841,0.0357916274677644
pair_0246_nb,12.595989239422842,1.3839064590335066,1.0,3.422760251080134,0.8232362288389713,1.0,2.2296404988994865,0.6072912805947727,0.9991848047607402,0.0009782342871117,0.0312614354243576,0.0009782342871117,0.0,0.0,0.0,18.24936822368957,1.7998890984135345,1.0,0.6907694324505328,0.045223073708648
pair_0263_fail_gate,11.597375071329584,0.9891576345868902,1.0,2.656639765223771,0.6029577576258991,0.99959240238037,2.843890111681748,0.7832751607768872,1.0,0.2232004565093339,0.4183448376661035,0.2223852612700741,0.0,0.0,0.0,17.321105404744436,1.4227239000917806,1.0,0.6713064690478041,0.0515109025542731
pair_0269_nb,13.508274231678486,1.442801178162434,1.0,0.851308388359012,0.7303183146130426,0.6615309366593299,2.8946767750876337,0.6431358627447363,0.999918480476074,0.0016303904785196,0.0403451645852034,0.0016303904785196,0.0,0.0,0.0,17.255889785603653,1.6802275881382345,1.0,0.7835100447767593,0.0478930980216409
pair_0272_nb,14.751691530121464,1.261634609565429,1.0,2.7331050786663407,0.980954446088032,0.9951088285644412,1.9060079889133448,0.2926544550867067,1.0,0.0,0.0,0.0,0.0,0.0,0.0,19.39080459770115,1.4982526372674012,1.0,0.7615598053395204,0.0448922885738432
pair_0276_nb,15.146816662590693,1.8984271632574437,1.0,2.131572511616532,0.8087542724717386,0.999836960952148,1.367816091954023,0.5625766828597257,1.0,0.4569984511290454,0.4981474347968671,0.4569984511290454,0.0,0.0,0.0,19.10320371729029,2.138425997082815,1.0,0.7926480129746083,0.0415622021991912
pair_0288_nb,13.885628107931849,1.3577651592668565,1.0,3.1838265264530854,1.5971175017028012,0.9501100513573,2.006195483818374,0.1624005595195837,1.0,0.0043205347680769,0.0655886251372506,0.0043205347680769,0.0,0.0,0.0,19.079970652971387,1.7679554076456276,1.0,0.7308274979597463,0.0711377634515149
pair_0341_nb,11.363087959566316,1.060753596532477,1.0,2.847803048830195,0.4952573879740402,0.999918480476074,2.189858971223608,0.4579682692968407,0.99959240238037,8.151952392598027e-05,0.0090284482882275,8.151952392598027e-05,0.0,0.0,0.0,16.400831499144044,1.197471301038166,1.0,0.6925116393820279,0.0355834376853666
pair_0351_nb,13.12717045732453,1.3296480644997286,1.0,2.401402135811527,0.6375070595206136,1.0,2.9890763837939187,0.1055005635566346,1.0,0.0133692019238607,0.1148497556104487,0.0133692019238607,0.0,0.0,0.0,18.531018178853834,1.4248075067585124,1.0,0.7076466916254963,0.0337444193407843
pair_0393_low_pkt,10.99168500855955,1.5200931833684348,0.999673921904296,2.117388114453412,0.9756537864489816,0.9966576995190348,1.91848047607402,0.5792870865642931,0.9930708404662916,0.8066356892475748,0.6215695686682908,0.6921822776554984,0.0,0.0,0.0,15.834189288334557,1.523671030553527,0.999673921904296,0.6951137327329835,0.081737509204245
pair_0450_nb,12.82823836308796,1.2767109651939537,1.0,3.00040759761963,0.5119424804469805,1.0,2.6038966332436617,0.7874418742883895,0.999918480476074,0.0036683785766691,0.0604559473938449,0.0036683785766691,0.0,0.0,0.0,18.43621097252792,1.503855946747545,1.0,0.695765228669885,0.040054876764887
pair_0482_low_pkt,12.13956142496128,1.4853176935894523,1.0,1.8557919621749408,0.8504309123609444,0.958669601369528,2.6585147142740686,0.4769504273236807,1.0,1.0386402543409146,0.6064572319044106,0.834678405478112,0.0,0.0,0.0,17.6925083557512,1.702456075831506,1.0,0.6858396304774382,0.0490757229219952
pair_0502_nb,13.30317110948072,1.07224584274915,1.0,2.682318415260455,0.6989607200881425,1.0,1.6142496127822614,0.6926125671908305,0.9990217657128884,8.151952392598027e-05,0.0090284482882275,8.151952392598027e-05,0.0,0.0,0.0,17.599820657047363,1.3544584616808324,1.0,0.7568991923351615,0.043888910018832
pair_0506_nb,13.271704573245293,1.4027366333549278,1.0,0.7382408086736774,0.620463727671826,0.6426184071085025,2.0349718757642457,0.5290914910733645,0.9972283361865166,1.0128800847803048,0.441209435074937,0.90975788701394,0.0,0.0,0.0,17.05779734246352,1.7115745322623692,1.0,0.7788713961537865,0.0454707829320082
pair_0540_fail_gate,15.216923453167034,1.1915905540554208,1.0,2.6329991032852367,0.9831780662985486,0.999918480476074,1.6546017771256216,0.6901907192670437,0.9726909594847966,0.945952555637075,0.2261112958716601,0.945952555637075,0.0,0.0,0.0,20.45047688921497,1.4988559728042792,1.0,0.7449694936704694,0.0417621777703774
pair_0549_nb,14.970163854243092,1.7730783850058596,1.0,3.065378658188636,0.7450587924677691,0.99959240238037,3.2581723322735794,0.7913162962402118,1.0,0.9055188717697888,0.2924969138957837,0.9055188717697888,0.0,0.0,0.0,22.199233716475096,2.0713032030757565,1.0,0.6734306795269809,0.0384939199867255
pair_0567_nb,14.833781690714924,1.6883664604916186,1.0,0.8049237792451293,0.5436953922234712,0.7375071329583435,2.087878046792207,0.6997925291744106,0.9971468166625906,0.0008967147631857,0.0299317668342392,0.0008967147631857,0.0,0.0,0.0,17.727480231515447,1.9082220407508608,1.0,0.8374692135805945,0.0464754559752572
pair_0584_nb,13.353631694790902,1.3036543287814468,1.0,0.8407923697725606,0.7738526508183543,0.6110703513491481,2.5512350207874785,0.6153221970364264,0.999429363332518,1.2775739789679628,0.5341413390207458,0.9735876742479824,0.0,0.0,0.0,18.023233064318905,1.5341651006918189,1.0,0.7425071168680488,0.0603515002408009
pair_0602_nb,13.675144697154968,1.8652855268988835,1.0,2.6297383223281976,0.8205933200555304,1.0,1.949947012309448,0.6630660571902066,0.979538599494579,0.0001630390478519,0.0127676335364403,0.0001630390478519,0.0,0.0,0.0,18.254993070840467,2.015760468032559,1.0,0.7480788818702404,0.0457211109064622
pair_0647_nb,11.250101899404909,1.8025707250842984,1.0,2.5367245455286542,0.969839691309566,0.9986141680932584,3.489687780223364,0.8161693128814227,1.0,0.7048993233879514,0.4779080960358955,0.6947093828972039,0.0,0.0,0.0,17.981413548544875,2.322455907440316,1.0,0.6256024372866881,0.0622661232110364
pair_0684_nb,14.999021765712888,1.2619038883479905,1.0,3.0389663324366185,0.7375705247968488,0.9986956876171844,1.5154479497839732,0.6805729016686517,0.971386647101981,0.0014673514306676,0.0382779089090112,0.0014673514306676,0.0,0.0,0.0,19.554903399364147,1.4988317115656131,1.0,0.7678959092217061,0.0454474982224024
pair_0715_fail_gate,11.77288660634222,1.3526137809948435,1.0,5.606505258009293,1.217170198366633,1.0,1.1511371973587674,0.6712845466243286,0.8662264612374664,0.1143718920681503,0.3182624111843899,0.1143718920681503,0.0,0.0,0.0,18.64490095377843,1.8347654104569824,1.0,0.6325039530709714,0.0540201305304961
pair_0736_nb,15.77492459444037,1.4858800329035486,1.0,1.4159126110703513,0.6135619701495112,0.9560609766038968,1.830357870710035,0.7051716357485726,0.9977989728539984,0.0,0.0,0.0,0.0,0.0,0.0,19.02119507622076,1.7472681697196666,1.0,0.8301607196475378,0.0405438371022573
pair_0748_nb,14.800277166381347,1.634058090499424,1.0,5.863699355995761,0.8481372913756376,1.0,1.8300317926143312,0.7470829273039816,0.9889948642699926,0.0,0.0,0.0,0.0,0.0,0.0,22.49400831499144,1.7966280385006843,1.0,0.6578059024433504,0.0486979556806732
pair_0765_nb,12.926469389418768,1.448940080567986,1.0,4.703839569576914,1.0694879370060215,1.0,2.145349311160023,0.6388065992267089,0.9776636504442814,0.0176082171680117,0.1315224994294735,0.0176082171680117,0.0,0.0,0.0,19.793266487323717,1.8912670768820303,1.0,0.6533562437332047,0.0436563799986579
pair_0776_nb,14.153990380696175,1.6124493295017743,1.0,3.220102714600147,0.600244690097723,1.0,0.8494334393087144,0.3578537558007949,0.8493519197847884,0.0,0.0,0.0,0.0,0.0,0.0,18.22352653460504,1.6781723241565296,1.0,0.7758513468067915,0.0399862850701189
pair_0777_nb,13.900872258906007,1.0590097468816595,1.0,4.08396510964376,0.757211245766656,1.0,1.5904459117958751,0.5090203101171117,0.991358930463846,0.0,0.0,0.0,0.0,0.0,0.0,19.575283280345644,1.4393877570248488,1.0,0.7109343464128093,0.0366900316275638
pair_0782_nb,12.49987772071411,1.660584397436917,1.0,2.381185293877884,0.760330209218587,0.9707344909105732,0.7000081519523926,0.720838325162766,0.5480557593543653,0.6765305290617103,0.6771295095117142,0.5571044265101491,0.0,0.0,0.0,16.2576016956061,2.0897366235033963,1.0,0.7708504564436486,0.0619426906163787
pair_0811_nb,15.809244314013206,1.6341816238563596,1.0,2.6003097741909187,0.926645097003139,0.9944566723730334,1.866634058857096,0.4250082904825546,0.999429363332518,0.0366837857666911,0.1879842696305056,0.0366837857666911,0.0,0.0,0.0,20.312871932827917,2.004096186861487,1.0,0.779060319879731,0.0423630533088725
pair_0822_nb,12.218553843645552,1.412282850687262,1.0,3.0724708567701966,0.8284190342954972,0.999510882856444,1.0141028776391945,0.7693356946851541,0.7399527186761229,0.1824406945463438,0.3866292353347008,0.1822776554984919,0.0,0.0,0.0,16.487568272601287,1.9961823464670247,1.0,0.7443358629905592,0.0645495992394415
pair_0827_nb,16.17216923453167,2.101181866991307,1.0,1.218879921741257,0.5856429774902254,0.9328279122849924,2.55262085269422,0.5340591203333578,1.0,0.0,0.0,0.0,0.0,0.0,0.0,19.943670008967143,2.3768275498264035,1.0,0.8106077476386516,0.0362774060540766
pair_0865_nb,12.678323958588082,1.5796730507107504,1.0,3.862232004565093,0.9694599629954956,1.0,2.424635200130431,0.5418098738412876,0.9991032852368142,0.0273905600391293,0.1632186179940028,0.0273905600391293,0.0,0.0,0.0,18.992581723322736,2.1901222058368672,1.0,0.6681077327919928,0.0443007400555975
pair_0867_nb,13.93551805657455,1.976424074478305,1.0,1.7369364962908616,0.8711799105697432,0.999918480476074,2.4390641558653297,0.5665321763287529,1.0,0.0004891171435558,0.0221105836190671,0.0004891171435558,0.0,0.0,0.0,18.112007825874297,2.160173336146541,1.0,0.7682034946589436,0.0450912171615116
pair_0868_nb,13.61204858563626,1.13414078018938,1.0,2.7340833129534525,0.5865659837440081,1.0,3.055270237221815,0.2923617688088832,1.0,0.0,0.0,0.0,0.0,0.0,0.0,19.401402135811527,1.4569582381373214,1.0,0.7015969049203082,0.0255855258180509
pair_0876_nb,14.63740115757724,1.4744131768606776,1.0,2.3129534523518385,1.0025471634309804,0.9735061547240564,0.908861172250754,0.3798661117629846,0.8782098312545855,8.151952392598027e-05,0.0090284482882275,8.151952392598027e-05,0.0,0.0,0.0,17.85929730170376,1.5687070675431205,1.0,0.8203712098730287,0.0548208718992966
pair_0878_nb,14.336594114290373,1.3616820892479322,1.0,2.7635933806146573,0.6158434289879826,0.999836960952148,2.398630471998044,0.5971793835209955,1.0,0.0,0.0,0.0,0.0,0.0,0.0,19.498817966903072,1.5617172789138822,1.0,0.7350286348317946,0.0336278291911204
pair_0883_nb,12.811689899730986,1.259673700711292,1.0,4.996494660471183,1.0141595268836558,1.0,1.3250183418928834,0.7366735038105564,0.9200293470286134,0.0065215619140784,0.0804924291115584,0.0065215619140784,0.0,0.0,0.0,19.13972446400913,1.6981499931564417,1.0,0.6710011460885777,0.0558103054830009
pair_0891_nb,13.742561343441754,1.4755143633839904,1.0,3.2134181136382165,1.4083584981419874,0.9983696095214804,1.8120974973506156,0.7537782731825917,0.992011086655254,0.0027716638134833,0.0525735836061073,0.0027716638134833,0.0,0.0,0.0,18.77084861824407,2.055852858216749,1.0,0.7355894669099626,0.0695795685704847
pair_0908_nb,13.53558327219369,1.620193801118346,1.0,4.613352898019076,0.6483880090626915,1.0,0.0380696176734327,0.1913643694203062,0.0380696176734327,0.2390152441509741,0.4264820713868572,0.2390152441509741,0.0,0.0,0.0,18.426021032037173,1.785278378006968,1.0,0.7340734983594196,0.044036461884258
pair_0932_nb,13.989810059509251,1.2799832328984129,1.0,0.9843482514062116,0.5486813129644383,0.8449498654927855,2.293877883753159,0.6890099220064158,0.9990217657128884,0.0104344990625254,0.1016150593752699,0.0104344990625254,0.0,0.0,0.0,17.278470693731148,1.5251684350308157,1.0,0.8105021109718399,0.0416775087747427
pair_0940_nb,12.24480313034972,1.3916641573634114,1.0,3.3740930952963235,1.559511736230356,0.9973913752343686,2.04157495720225,0.2995603925397698,0.999918480476074,0.7820167930219287,0.472364415372083,0.7557675063177631,0.0,0.0,0.0,18.442487975870225,2.076670446270348,1.0,0.66567467492429,0.0511839630776198
pair_0947_low_pkt,13.082008641069535,1.440810667662782,1.0,3.235672943670009,0.6189626982844868,0.9991032852368142,2.72845846580256,0.6044922419642423,1.0,1.0505421048341077,0.4636157735382322,0.917013124643352,0.0,0.0,0.0,20.09668215537621,1.6087854646313924,1.0,0.6505901440892906,0.0453572282150536
pair_0948_low_pkt,13.823021113556695,1.458559901696592,1.0,0.640417379962501,0.8112320389185891,0.4352327382408086,2.3460503790657863,0.5137718698683441,1.0,1.8365533545284096,0.5339451030779838,0.9960055433276268,0.0,0.0,0.0,18.646042227113394,1.7619640839019657,1.0,0.7420904561873243,0.0489765132118864
pair_0974_nb,15.884323795549037,1.2501195986115277,1.0,1.2820575527838918,0.8148015679430803,0.8700578788619875,1.5957446808510638,0.5352418981052183,0.9775821309203554,0.0,0.0,0.0,0.0,0.0,0.0,18.76212602918399,1.562269205340969,1.0,0.8479186738331683,0.0409039601600342
pair_0977_nb,17.39732615961523,1.248441836318719,1.0,2.218716882693405,0.688454354242225,0.9938860357055516,1.360071737181055,0.6527380322049764,0.9706529713866472,0.007988913344746,0.0890229779793745,0.007988913344746,0.0,0.0,0.0,20.984103692834434,1.4585912386307922,1.0,0.8296533026861,0.0346888966945188
pair_0997_fail_gate,13.48406293307247,1.1990877997857303,1.0,2.9235346865574305,0.8418748140758652,1.0,3.168745414526779,0.6624159540801416,1.0,0.1764082497758213,0.3811671276315059,0.1764082497758213,0.0,0.0,0.0,19.7527512839325,1.5461460973908094,1.0,0.6838848228435752,0.050831826228622
pair_1011_nb,11.798320697807124,1.2516247012549817,1.0,1.003749898100595,0.0686590900896742,1.0,3.2280101084209667,0.6260073467898132,1.0,1.012227928588897,0.110641065609356,0.999918480476074,0.0,0.0,0.0,17.042308632917585,1.492216205898183,1.0,0.6917493751628336,0.032642276360645
pair_1023_nb,13.927773701801582,1.4273529883451797,1.0,1.8108747044917255,0.938616102925196,0.9887503056982148,2.40335860438575,0.6555804574283802,1.0,8.151952392598027e-05,0.0090284482882275,8.151952392598027e-05,0.0,0.0,0.0,18.142088530202983,1.6914358940558984,1.0,0.7688411578939407,0.0537158461754883
pair_1094_fail_gate,12.916524007499795,1.4748930178743804,1.0,0.4513736039781528,0.7049270726646651,0.3506154724056411,2.8259558164180323,0.4530105150914747,0.999755441428222,1.082579277737018,0.41270157302776,0.9527186761229316,0.0,0.0,0.0,17.276432705633,1.603666640543442,1.0,0.7472797552951537,0.0447651252320386
pair_1102_nb,13.687943262411348,1.6425361694487557,1.0,2.3130349718757643,1.1259605722398156,0.962664058041901,2.0223363495557187,0.4920398263273431,0.9985326485693324,0.0567375886524822,0.2313405167418452,0.0567375886524822,0.0,0.0,0.0,18.080052172495314,1.911794849687136,1.0,0.7575979208701525,0.0515777292345455
pair_1313_nb,14.180973343115676,1.2919803673462502,1.0,3.022988505747126,0.476180597367372,1.0,0.193934947419907,0.4622920380376836,0.1658922311893698,0.0445911795875112,0.2064044725545101,0.0445911795875112,0.0,0.0,0.0,17.442487975870222,1.510328972832495,1.0,0.8137367291182436,0.0412961188927755
pair_1331_low_pkt,13.39300562484715,1.7616217850300473,1.0,5.109562240156517,1.0131904314337332,1.0,1.0403521643433602,0.2119418575801891,0.9969022580908128,0.0013858319067416,0.0372009593514457,0.0013858319067416,0.0,0.0,0.0,19.54430586125377,1.8629725737381144,1.0,0.6843434199359327,0.0492270515493167
pair_1397_nb,13.8148691611641,1.2736894512445962,1.0,2.7245455286541125,0.6820336608352178,0.999918480476074,1.9372299665769952,0.4009106649049823,0.9969022580908128,0.0,0.0,0.0,0.0,0.0,0.0,18.476644656395205,1.443596167338831,1.0,0.7477075366855622,0.0378273520019352
pair_1413_low_pkt,12.205918317437026,2.12578011287579,1.0,0.5190348088367164,0.7076141672865016,0.4033586043857504,2.799380451618162,1.1283952702073807,0.9979620119018504,1.6845194424064562,0.7365594261303614,0.984103692834434,0.0,0.0,0.0,17.20885302029836,3.198226950331234,1.0,0.7138068313782121,0.0689662057532239
pair_1654_nb,13.357789190511127,1.2592743333560306,1.0,3.190348088367164,0.710960506458063,1.0,0.975951740441836,0.6009357776599741,0.8107116654438739,0.0622809162794489,0.2420021545248991,0.0621993967555229,0.0,0.0,0.0,17.586369935599578,1.6750155538099332,1.0,0.7610338182074516,0.0467370763345976
pair_1656_nb,14.106953615390886,1.1112296818998335,1.0,3.0720632591505668,0.8643315645454263,0.999918480476074,1.533137686475911,0.6520330547318852,0.9771745333007256,0.0,0.0,0.0,0.0,0.0,0.0,18.712154561017364,1.6125632183826266,1.0,0.7558681191944913,0.0483048853885012
pair_1658_nb,13.952718676122933,1.5992115331275636,1.0,3.2956713132795303,0.718491857417634,1.0,1.2496127822613516,1.3045838400569785,0.5362354283850982,0.3637401157577239,0.5437560379434457,0.3316214233308877,0.0,0.0,0.0,18.86174288742154,1.7725825988153925,1.0,0.7435259241307476,0.0876908702594197
pair_1671_nb,15.56680524985734,1.5745386670905728,1.0,3.562321676041412,0.9793292423654124,0.999755441428222,0.9685334637645716,0.7855513270971712,0.6914486019401647,0.0005706366674818,0.0238811859269088,0.0005706366674818,0.0,0.0,0.0,20.098231026330808,1.8683025622943972,1.0,0.7753336454650726,0.0484422458063062
pair_1679_nb,15.110621993967555,1.342378403961913,1.0,4.084943343930871,1.139974822904131,0.999918480476074,0.3123012961604304,0.4796820478973857,0.3050460585310182,0.3308877476155539,0.4715710767006085,0.330398630471998,0.0,0.0,0.0,19.838754381674413,1.7483075039328226,1.0,0.7633114868974951,0.0505308144365053
pair_1682_fail_gate,11.581315725116164,1.42213566266001,0.999918480476074,1.1220347273171924,0.6704656987012296,0.8676938126681341,1.966576995190348,0.4082279791846235,0.9993478438085922,1.6263145023233063,0.6096307102581612,0.9393494741990708,0.0,0.0,0.0,16.296241949947014,1.665895070936948,0.999918480476074,0.7102889364860868,0.0464127952986146
pair_1709_nb,17.32306187331866,1.5793644067295438,1.0,1.3871362191244805,0.8189136438947601,0.9724464009130188,1.448846498736447,0.6473510922958222,0.987609032363251,0.0,0.0,0.0,0.0,0.0,0.0,20.159044591179587,1.7632495550677256,1.0,0.8599910234265482,0.0406015111622641
pair_1710_nb,14.179913589304638,1.5121024960160707,1.0,2.8734816988668785,1.060939457527062,0.9926632428466616,1.6455531099698375,0.7465507173660801,0.9483166218309284,0.0,0.0,0.0,0.0,0.0,0.0,18.698948398141354,1.761133433455797,1.0,0.7599912368517494,0.0614444363144062
pair_1737_nb,13.1518708730741,1.2006650341747267,1.0,1.9700823347191647,0.4328204177822857,0.999918480476074,1.1720061954838183,0.404090413551289,1.0,0.0096193038232656,0.0976051884749032,0.0096193038232656,0.0,0.0,0.0,16.30357870710035,1.3913014216114226,1.0,0.8068235349747536,0.0304408025908179
pair_1739_fail_gate,14.884894432216516,1.844387867172306,1.0,2.536969104100432,0.8561672129380955,0.9941305942773294,1.7326974810467106,0.7553248402365178,0.9701638542430912,0.9964131409472567,0.1169718532883036,0.991358930463846,0.0,0.0,0.0,20.15097415831092,1.9199007953690497,1.0,0.7373977514309499,0.0443425389614038
pair_1745_fail_gate,16.484389011168176,1.6184958626934884,1.0,2.156191407842178,0.7559841030175133,0.979212521398875,1.7243009700823346,0.5330509371602672,0.9969022580908128,0.0,0.0,0.0,0.0,0.0,0.0,20.364881389092687,2.023276769860186,1.0,0.8104506043977957,0.0375820724396023
pair_1758_nb,13.034156680524983,1.378091050480352,1.0,1.6960952148039456,0.9784105843692932,0.9311975218064726,3.7529143229803537,0.622142661479549,1.0,0.5404744436292492,0.5997645280406234,0.4847966087878047,0.0,0.0,0.0,19.023640661938533,2.049663489769963,1.0,0.6870500023911655,0.0510375478783333
pair_1784_nb,12.92842585799299,1.358204027060848,1.0,3.499714681666259,1.1415919444867826,1.0,2.160267384038477,0.4792009125091828,0.9979620119018504,0.8110377435395777,0.391686815123588,0.8109562240156517,0.0,0.0,0.0,19.399445667237305,1.832976826328627,1.0,0.6671869230579,0.0447742321739967
pair_1785_nb,14.837042471671966,1.53599373393998,1.0,0.9471753484959649,0.357724576414243,0.9083720551071982,1.322165158555474,0.8333359400002649,0.8652482269503546,0.0004075976196299,0.0201849320982353,0.0004075976196299,0.0,0.0,0.0,17.106790576343034,1.5870723853746866,1.0,0.867750494713221,0.0474674623895807
pair_1792_nb,12.268525311812178,1.409695133826561,1.0,2.831173065949295,0.8469472183895714,0.9974728947582946,2.2504279775006117,0.5898993046478711,1.0,0.0233145838428303,0.1514399322203954,0.0232330643189043,0.0,0.0,0.0,17.373440939104917,1.7143405866446817,1.0,0.7065456292698331,0.048454008268787
pair_1824_nb,13.332681177141923,1.1505747680620055,1.0,4.990543735224587,0.8986690281272132,1.0,2.707100350533953,0.6575936503191947,0.9985326485693324,0.0002445585717779,0.0156364562124194,0.0002445585717779,0.0,0.0,0.0,21.03056982147224,1.5445752127999723,1.0,0.6344752962343502,0.0384937683315901
pair_1835_nb,15.80508681829298,1.486521673171266,1.0,2.218146246025923,0.8262349004210175,0.9885057471264368,2.746881878209831,0.4578124706044311,1.0,0.008233471916524,0.0903641624579336,0.008233471916524,0.0,0.0,0.0,20.778348414445254,1.7464244374478564,1.0,0.7607980368192414,0.036051390766027
pair_1847_nb,14.05657454960463,2.0187176876308945,1.0,1.846906334067009,1.4214147295294837,0.7896796282709709,1.9117958751120891,0.9433520179793186,0.967066112333904,0.6138420151626315,0.5206871964863078,0.5968044346621015,0.0,0.0,0.0,18.42911877394636,2.479378039373949,1.0,0.7635159618333699,0.0509062080395966
pair_1860_nb,14.067172087715008,1.5440767470275176,1.0,3.0855139805983534,0.8215377379395017,0.999836960952148,1.2657536479986955,0.6614890102866007,0.970897529958425,8.151952392598027e-05,0.0090284482882275,8.151952392598027e-05,0.0,0.0,0.0,18.418521235835986,1.7213412120230138,1.0,0.7634355560520487,0.0373783646933349
pair_1914_nb,12.33863210238852,1.5167691828722236,1.0,2.778266894921334,0.6803970013272995,0.99959240238037,2.3029265509089427,0.7910564798741554,0.9966576995190348,0.0048096519116328,0.0691846743153551,0.0048096519116328,0.0,0.0,0.0,17.42463520013043,1.8835650598046896,1.0,0.7084609766913307,0.04815233274648
pair_1922_nb,13.850656232167603,1.3453967064839307,1.0,4.87609032363251,0.4141124737807962,1.0,2.453982228743784,0.5833742408271659,1.0,0.0,0.0,0.0,0.0,0.0,0.0,21.1807287845439,1.4777037603704306,1.0,0.6531521920347381,0.031283948139781
pair_1931_low_pkt,14.260780957039213,1.3389695534641797,1.0,2.5227847069373115,0.9883309413336088,0.9853264856933236,1.9937229966576997,0.0820165819508293,1.0,2.004075976196299,0.2791344681175801,1.0,0.0,0.0,0.0,20.78136463683052,1.7710667013458987,1.0,0.6867833555796176,0.0387468811486818
pair_1938_nb,12.594277329420397,1.5110721023667322,1.0,3.9026656884323794,0.7071230842852142,0.999755441428222,1.232086084617266,0.57856686725233,0.9872829542675472,0.0,0.0,0.0,0.0,0.0,0.0,17.72902910247004,1.6536121839168558,1.0,0.7093546092630241,0.0392512326845914
pair_1939_nb,14.304883019483166,1.672933620061836,1.0,3.0789924186842748,0.5546998147010311,0.999918480476074,0.4622157006603081,0.5463170282593327,0.4372707263389582,0.0001630390478519,0.0127676335364403,0.0001630390478519,0.0,0.0,0.0,17.8462541778756,1.644931281929116,1.0,0.8006017342518824,0.0436167924952567
pair_1941_fail_gate,13.460666829705714,1.3391829296850295,1.0,2.0555963153175187,0.5393222163050582,0.999918480476074,1.8252221407026985,0.5948939188917429,0.9888318252221407,0.0014673514306676,0.0382779089090112,0.0014673514306676,0.0,0.0,0.0,17.3429526371566,1.4615586771145763,1.0,0.7758065004857065,0.0352864118665448
pair_1961_nb,15.47517730496454,1.3307994843001425,1.0,1.8683459688595416,0.8023147983181174,0.9734246352001305,2.0486671557838103,0.3452203906514662,0.99959240238037,0.0019564685742235,0.0441886954428573,0.0019564685742235,0.0,0.0,0.0,19.394146898182115,1.577313788043878,1.0,0.7984320838697586,0.0365802154871186
pair_1965_nb,12.076791391538274,1.580421051808765,0.999755441428222,1.2377924512920844,0.8242156832943216,0.7750061139642944,2.56884323795549,0.5649046798042496,0.999510882856444,0.0,0.0,0.0,0.0,0.0,0.0,15.883427080785848,1.840800523150934,0.999755441428222,0.7608788549997387,0.0598102190956921
pair_3059_nb,14.835982717860928,1.9509347365197287,1.0,1.6560691285562892,0.808971645338906,0.8754381674411021,2.9852449661693976,0.9421313199626202,1.0,0.1680117388114453,0.3745302545543629,0.1677671802396674,0.0,0.0,0.0,19.64530855139806,2.1060909138892563,1.0,0.7551191769897642,0.0562550591302456
pair_3061_binder,12.291106219939676,1.818347558776728,1.0,3.951903480883672,0.9056592743753212,1.0,1.3526534605037908,0.5082206037767977,0.9962501018994048,0.0070921985815602,0.0839160252921931,0.0070921985815602,0.0,0.0,0.0,17.6027553599087,2.074255878026803,1.0,0.6971736401492284,0.046744015649307
pair_3062_binder,15.35061547240564,1.494016839666613,1.0,1.182440694546344,0.5315280130554694,0.9910328523681422,2.2677916360968453,0.9604260689474772,0.9991848047607402,0.7960381511371973,0.4047576614493388,0.7953044754218636,0.0,0.0,0.0,19.59688595418603,1.9655382863612767,1.0,0.7852307502139468,0.0523080292854294
pair_3063_binder,11.773864840629331,1.736415348540845,1.0,2.2546669927447622,1.1877070791514976,0.9851634466454716,2.290535583272194,0.7441262716402773,0.9957609847558492,0.4541452677916361,0.4990376908301245,0.4535746311241542,0.0,0.0,0.0,16.773212684437922,2.2555254959202062,1.0,0.7041533984782937,0.0714112324847606
pair_3066_binder,13.709545936251732,1.584965234135599,1.0,1.359664139561425,0.8321787950526456,0.9925817233227358,2.3459688595418604,0.6883078398568775,0.9944566723730334,0.3200456509333985,0.4863424326571178,0.3105893861579848,0.0,0.0,0.0,17.735224586288417,1.8091461125343944,1.0,0.7729861764874214,0.0425285098146796
pair_3067_binder,12.715822939594032,1.2617543458614036,1.0,1.943670008967148,0.2791753184230102,0.9983696095214804,2.0079073938208203,0.7083008844321536,0.9910328523681422,2.0102714600146734,0.1412384508374334,1.0,0.0,0.0,0.0,18.677671802396677,1.3972662611466429,1.0,0.6803807848754663,0.0378948660608042
pair_3068_binder,12.420477704410208,1.5093841401872303,1.0,2.112496943017853,0.8309824614257173,0.9872829542675472,2.6226461237466374,0.7812002409658727,0.999755441428222,0.028776391945871,0.1671774841671229,0.028776391945871,0.0,0.0,0.0,17.18439716312057,1.8731887774744405,1.0,0.7236906454142016,0.0534459524284666
pair_3069_binder,14.04662916768566,1.6584372058072,1.0,1.7655498491888808,0.6508092902149966,0.999755441428222,2.542675470775251,0.9274844418265842,0.9969022580908128,0.1919784788456835,0.3948897792359797,0.1915708812260536,0.0,0.0,0.0,18.54683296649548,2.182245373284629,1.0,0.7594077688319989,0.0569863565800297
pair_3070_binder,13.302355914241462,1.6899465342628528,1.0,2.494905029754626,1.3500550717871511,0.999836960952148,1.8649221488546508,0.6351806604416186,0.9977174533300726,0.4327871525230292,0.4954618382217116,0.4327871525230292,0.0,0.0,0.0,18.09497024537377,2.9066108616810613,1.0,0.7406690876212129,0.0582834345108903
pair_3071_binder,13.677997880492375,1.7851066241916798,1.0,1.4494171354039291,1.616268159341742,0.5818863617836472,1.6374011575772398,0.8314927263557507,0.9744028694872422,0.615472405641151,0.4866509658711235,0.615390886117225,0.0,0.0,0.0,17.380288579114698,3.2906406845250515,1.0,0.7976011985243188,0.0718933183741123
pair_3072_binder,12.221733105078666,1.255456370467874,1.0,1.958262003749898,0.3942430491439468,0.9967392190429608,2.087062851552947,0.5682430904774766,0.9950273090405152,0.4065378658188636,0.5100758365430915,0.3970816010434499,0.0,0.0,0.0,16.673595826200376,1.611209350928762,1.0,0.7337210279921961,0.0413261702530567
pair_3073_binder,11.844379228825304,1.3909043159025618,1.0,2.009945381918969,0.2220403586684859,0.999510882856444,2.7333496372381187,0.4847714888285128,1.0,0.020298361457569,0.1410189277356304,0.020298361457569,0.0,0.0,0.0,16.607972609439962,1.5040972892884836,1.0,0.711923247791435,0.0353732420054886
pair_3074_binder,11.065378658188637,1.4932681285585885,1.0,2.77916360968452,0.9293434887144396,0.9975544142822206,3.2813238770685578,0.7311753359009182,1.0,0.3193119752180647,0.466734351471968,0.3190674166462868,0.0,0.0,0.0,17.445178120159778,1.824577957250456,1.0,0.6337140650100196,0.0479688775502206
pair_3075_binder,13.21537458221244,1.4112990209499103,1.0,1.4027879677182686,0.8176352006800172,0.937800603244477,2.48610092117062,0.9114356494587152,0.9983696095214804,0.3218390804597701,0.4689233170008709,0.3210238852205103,0.0,0.0,0.0,17.426102551561097,1.8483678862916093,1.0,0.7599595936290283,0.0507775669640138
pair_3076_binder,11.6071574142007,1.2522382855569292,1.0,1.974810467106872,0.5436229556003981,0.9993478438085922,2.9029917665280838,0.6323111676596255,1.0,0.0809488872584984,0.3062642839191221,0.0712480639113067,0.0,0.0,0.0,16.565908535094156,1.4557258546404337,1.0,0.7005354988764094,0.0427378041773827
pair_3077_binder,14.213418113638216,1.384128770898933,1.0,1.2170864922148854,0.4807281872921611,0.979620119018505,2.033341485285726,0.8740418052955284,0.995924023803701,0.4266731882285807,0.4950881697425164,0.4264286296568028,0.0,0.0,0.0,17.890519279367407,1.858444653876682,1.0,0.7966519805660796,0.052598659386109
pair_3078_binder,13.599331539903806,1.5228408138543856,1.0,1.231352408901932,0.8447335574243203,0.8589712236080541,3.1460014673514305,1.0396677616115682,0.9992663242846662,0.6869650281242358,0.5574477548143902,0.6391130675796853,0.0,0.0,0.0,18.663650444281405,1.546913760007451,1.0,0.7287708492586373,0.0564941450306092
pair_3079_binder,13.923371647509578,1.325175869736067,1.0,2.76881063014592,0.7690064430945799,0.999918480476074,2.443058612537703,0.7044199185197478,1.0,0.6938126681340181,0.5085043758050444,0.6707426428629657,0.0,0.0,0.0,19.82905355832722,1.8569649122258087,1.0,0.7034383267058258,0.0447055546976021
pair_3080_binder,13.210809488872584,1.3220618792015302,1.0,3.292573571370343,1.026944149644122,0.9966576995190348,1.9686149832884976,0.321623212587648,1.0,0.0030977419091872,0.0555710887445199,0.0030977419091872,0.0,0.0,0.0,18.47509578544061,1.7770293623708937,1.0,0.7160698875371848,0.0424573341038788
pair_3085_binder,14.163446645471591,1.6119228840191375,1.0,1.1209749735061547,0.4724817738296321,0.9532893127904132,1.355751202412978,0.7677946210722834,0.917502241786908,0.5457732126844379,0.4980641043564544,0.5456916931605119,0.0,0.0,0.0,17.18594603407516,1.985330917479856,1.0,0.8256331437435213,0.0470911512706776
pair_3086_binder,13.503220021195077,1.3344524164411262,1.0,2.4584658025597133,0.9015980995733802,0.9895655009374744,1.020624439553273,0.2329683091054363,0.983125458547322,0.0806228091627944,0.2722549757221971,0.0806228091627944,0.0,0.0,0.0,17.062933072470855,1.608483452168715,1.0,0.7926223975664108,0.0503193203622866
pair_3087_binder,12.731148610092117,1.514133520941032,1.0,1.9272030651341,0.4927113938005573,0.999510882856444,4.561261922230374,0.8389860452981878,1.0,0.2259721203228173,0.4267111895241484,0.2223852612700741,0.0,0.0,0.0,19.44558571777941,1.7003547759081086,1.0,0.6545122287386774,0.0514707676180836
pair_3088_binder,13.773783321105403,2.2369472976276983,1.0,1.9482351023070024,0.8084763957561784,0.9650281242357543,1.8572593136056088,0.7509164563552716,0.9983696095214804,0.0899975544142822,0.2861782567102723,0.0899975544142822,0.0,0.0,0.0,17.6692752914323,2.9445744094083715,1.0,0.7813598771421484,0.0490133056304786
pair_3091_binder,14.043286867204696,1.710049577775646,1.0,1.0840466291676856,0.3564207920194711,0.9882611885546588,2.7539740767913914,0.681151864160342,0.9984511290454064,0.632591505665607,0.6050714931840162,0.5657454960463031,0.0,0.0,0.0,18.51389907882938,1.787896687866508,1.0,0.757713755137816,0.0455129592616483
pair_3092_binder,13.813890926876986,1.3095243090056614,1.0,2.802396674003424,0.7762161933717664,1.0,1.5554740360316297,0.6104307800399837,0.9975544142822206,0.0539659248389989,0.2277472261840531,0.053558327219369,0.0,0.0,0.0,18.22572756175104,1.6313939399958162,1.0,0.758579143403443,0.0403396814100755
pair_3098_binder,14.071818700578788,2.2579213517271404,1.0,2.0919540229885056,0.6722847081335154,0.9991848047607402,1.6677264204777045,0.9282419251708196,0.9144044998777208,0.0070106790576343,0.0834357803150731,0.0070106790576343,0.0,0.0,0.0,17.838509823102633,2.8555205394320224,1.0,0.7902059331578586,0.0528702146467641
pair_3099_binder,11.61204858563626,1.160782043379833,1.0,1.1421700497269096,0.4663674610527695,0.9990217657128884,3.591342626559061,0.6479646625206384,1.0,0.003912937148447,0.0624309704499245,0.003912937148447,0.0,0.0,0.0,16.349474199070677,1.38693916128516,1.0,0.7101739510267602,0.0373268346353398
pair_3100_binder,12.003179261433113,1.4983721502824865,1.0,1.0180973343115676,0.3240304174042645,0.958914159941306,3.011983370017119,0.4405875898826972,1.0,1.033423004809652,0.179738442073881,1.0,0.0,0.0,0.0,17.066682970571453,1.4022729377229906,1.0,0.7013262265883605,0.0437464638977994
pair_3101_binder,12.217331050786663,1.3985807074749042,1.0,1.9726909594847968,0.4605449959307705,0.9986141680932584,2.0409228010108422,1.0624679205335668,0.8788619874459933,0.0299991848047607,0.1705849750587974,0.0299991848047607,0.0,0.0,0.0,16.260943996087065,1.683861370356169,1.0,0.7527827616465339,0.0603282462929013
pair_3103_binder,15.359501100513572,1.5225433018588697,1.0,1.606831336104997,0.8807955087863648,0.8875845765060733,1.4723241216271297,0.7163757842282318,1.0,0.7503056982147224,0.4339646203647851,0.7498165810711666,0.0,0.0,0.0,19.18896225646042,1.926927630424535,1.0,0.80278496143587,0.0599628406206918
pair_3104_binder,13.03668378576669,2.562458433894001,1.0,2.6638134833292573,0.7912235018765112,0.9977174533300726,2.235020787478601,0.8087438451901149,1.0,0.4445259639683704,0.5135325240480035,0.4361294530039944,0.0,0.0,0.0,18.38004402054292,2.908179276990848,1.0,0.7066283017208672,0.0565253674220726
pair_3108_binder,11.938452759435885,1.4883732387973294,1.0,1.9827993804516184,0.4989081311512907,0.99959240238037,3.54593625173229,0.8163400618692986,1.0,0.2903725442243417,0.5170677052160206,0.2597212032281731,0.0,0.0,0.0,17.757560935844136,1.9405651972254163,1.0,0.6727399972311218,0.0473402521685737
seq10_binder,13.707181870057878,1.5486511795267746,1.0,2.231026330806228,0.6562695845052414,0.9983696095214804,2.171924675959892,0.5315826962088444,0.999836960952148,0.6256623461318986,0.5440595315776757,0.5947664465639521,0.0,0.0,0.0,18.735795222955897,1.7591765787065563,1.0,0.7314319216921785,0.042988272777701
seq14_binder,14.63234694709383,1.156248587347947,1.0,2.560202168419337,0.5261786776998156,0.999918480476074,2.550093747452515,0.8496671381872838,1.0,0.6929974728947583,0.4612504476488202,0.6929974728947583,0.0,0.0,0.0,20.43564033586044,1.4592628116503013,1.0,0.716814480157593,0.0421010835172432
seq16_binder,14.558816336512594,2.068570861508442,1.0,2.1300236406619386,0.8867388127919622,0.987690551887177,2.668704654764816,0.7013255170027929,1.0,0.7611477948968778,0.4623391424046665,0.7451699682073857,0.0,0.0,0.0,20.118692426836223,2.8007554650894413,1.0,0.7249222738681235,0.0475871987485578
seq17_binder,14.756501182033096,1.276409896830775,1.0,2.463846091138828,0.5471727686535741,1.0,2.913018667970979,0.4552342182035696,1.0,0.2080378250591016,0.4059040384176786,0.2080378250591016,0.0,0.0,0.0,20.341403766202006,1.4845801549596576,1.0,0.7253467624325235,0.0322304442215222
seq1_nb,13.569984511290452,1.3804545883699524,1.0,2.1340180973343115,0.834551530628386,0.9694301785277574,2.142251569250836,0.5722283290697697,0.999510882856444,0.00790739382082,0.0885712534843136,0.00790739382082,0.0,0.0,0.0,17.854161571696423,1.7096224025838918,1.0,0.7609756292859512,0.0460277358307654
seq2_nb,15.77508763348822,1.5774989822857504,1.0,1.5094970245373769,0.6253811813324209,0.9365778103855872,1.925654194179506,0.4149521217147086,0.9974728947582946,0.0024455857177794,0.0493923559700932,0.0024455857177794,0.0,0.0,0.0,19.21268443792288,1.7062816130805625,1.0,0.821260535550487,0.0428195613000331
seq39_binder,12.742479823917828,1.7518112711076734,1.0,2.315072959973914,1.1589020522527542,0.9990217657128884,1.9024211298606013,0.5053071316910422,0.9984511290454064,0.8500855955001223,0.3653389119623685,0.847069373114861,0.0,0.0,0.0,17.810059509252465,2.606271300192308,1.0,0.7177755872087521,0.0480553455530998
seq3_nb,12.023640661938536,2.1278746845599983,1.0,3.6007173718105485,0.958684872294772,0.999755441428222,1.6382978723404256,0.5991847712665538,0.9618488628026411,0.0091301866797097,0.095114806265394,0.0091301866797097,0.0,0.0,0.0,17.27178609276922,2.3829895184700174,1.0,0.6938688171516718,0.0533912837496318
seq42_binder,13.425205836797913,1.3994993327138148,1.0,2.4099616858237547,0.9048343789227596,0.9902176571288824,0.9267139479905436,0.5279438374135155,0.8213092035542512,0.008151952392598,0.0899193976002221,0.008151952392598,0.0,0.0,0.0,16.77003342300481,1.689577531021602,1.0,0.8022665560107725,0.0572250763041807
seq4_nb,7.913915382734165,1.3786944747584726,0.999836960952148,1.6583516752262166,0.7187500285636226,0.9938045161816256,2.681584739545121,0.6583158807623299,0.999673921904296,0.7432134996331622,0.6415622061715796,0.6337327790005707,0.0,0.0,0.0,12.997065297138665,1.9066391996060184,0.999836960952148,0.6092135202986297,0.0644548871119178
seq5_nb,13.385831906741664,1.5548150605309548,0.999918480476074,3.331539903806962,0.8964767687018617,0.9986141680932584,2.702861335289802,0.6417405186055571,0.999755441428222,1.0321186924268362,0.4853226226233278,0.8977745169968208,0.0,0.0,0.0,20.452351838265265,2.33004519128248,0.999918480476074,0.6562317372609563,0.0515730826694836
seq6_nb,10.408005217249531,0.9970582755442854,1.0,4.881307573163773,0.5102027296541801,1.0,1.7959566316132711,0.430578887024495,0.991929567131328,0.0231515447949784,0.1503846759765918,0.0231515447949784,0.0,0.0,0.0,17.108420966821555,1.2287751330311936,1.0,0.6081263191075039,0.0347986500070903
seq7_nb,11.982880899975545,2.561995714668964,0.9979620119018504,1.2462704817803865,0.6705084265364358,0.9239422841770604,1.8859541860275533,1.2450423380737037,0.8611722507540556,0.0509497024537376,0.224662720306883,0.0501345072144778,0.0,0.0,0.0,15.16605527023722,3.4193206819994657,0.9987772071411104,0.7932449170916464,0.0694911973160478
