seq_id,seq_type,pocket_water_density_mean,pocket_water_density_per_ang3,pocket_water_density_frac_bulk,pocket_water_density_n_voxels,grid_dims,pocket_water_density_accessible_mean,pocket_water_density_accessible_per_ang3,pocket_water_density_accessible_frac_bulk,pocket_water_density_accessible_n_voxels,pocket_water_density_frac_solvent_accessible,pocket_water_density_missing
seq16_binder,Binder,0.00010182545327347986,0.000814603787355031,0.024389334950749433,17153,392x381x384,0.00016071335400406287,0.0012857070864062295,0.03849422414389909,9353,0.545269049145922,False
seq14_binder,Binder,0.0004329422841485454,0.0034635389584403314,0.10369877121078837,17153,367x382x369,0.0007486733969155844,0.005989388360309228,0.17932300479967747,9856,0.5745933655920247,False
seq10_binder,Binder,0.00019896341605499243,0.001591707643355062,0.04765591746572042,17166,397x378x366,0.00035160162514701163,0.002812813557683772,0.08421597478095126,9353,0.5448561109169288,False
seq17_binder,Binder,0.00012256465994521824,0.0009805174735545194,0.029356810585464653,17159,386x387x390,0.0002028934684684685,0.001623148068883275,0.04859724757135554,8880,0.5175126755638441,False
seq39_binder,Binder,0.00032687678665188727,0.002615014810588821,0.07829385660445572,17141,374x381x398,0.0005092248037676609,0.004073799236131628,0.12197003700992898,9555,0.5574353888337903,False
seq42_binder,Binder,0.00015566629731148307,0.0012453306248772155,0.037285348050216036,17147,367x369x394,0.0002703745222929936,0.002162996606287073,0.0647603774337447,9420,0.5493672362512393,False
pair_3069_binder,Binder,0.0003953810412172798,0.003163048955539059,0.09470206453709758,17153,376x389x396,0.0006737982907742998,0.005390387392668203,0.16138884409186235,9712,0.5661983326531802,False
pair_3070_binder,Binder,0.00037215640666899845,0.0029772518423933437,0.08913927671836358,17154,376x388x390,0.0006386504559270517,0.005109204658258962,0.15297019934907072,9541,0.556196805409817,False
pair_3092_binder,Binder,0.00028336231630510846,0.0022668989789407998,0.0678712269143952,17148,381x363x399,0.0004935945238354969,0.003948756971935036,0.11822625664476157,9167,0.534581292278983,False
pair_3098_binder,Binder,0.00038166176984959774,0.0030532947628830274,0.0914160108647613,17154,368x379x362,0.0006026032425818292,0.004820826894442409,0.144336134564144,9807,0.5717033927946834,False
pair_3059_nb,False Positive,0.00020323740965259968,0.0016258995989007073,0.04867962870960202,17156,388x388x386,0.00031999500728104843,0.0025599605647297742,0.076645525890113,9614,0.5603870366052693,False
pair_3062_binder,Binder,0.0002291392146566311,0.0018331140799297924,0.054883655087718336,17139,367x361x388,0.00041126573351853835,0.003290126519091085,0.09850678200871513,9359,0.5460645311861836,False
pair_3063_binder,Binder,0.0003737787884088391,0.0029902308988799405,0.08952787122395031,17151,375x387x368,0.0005605725220804709,0.004484581063906199,0.13426889412892812,10190,0.5941344528015859,False
pair_3066_binder,Binder,0.0001816405038194647,0.0014531243180524978,0.043506716109356226,17149,399x396x385,0.0002993888078365986,0.0023951109365591156,0.07170990828021305,9596,0.5595661554609598,False
pair_3067_binder,Binder,0.00035025784439519415,0.002802063309542324,0.08389411106414144,17146,393x393x390,0.000598015584683662,0.004784125623995822,0.14323729413161146,9689,0.5650880671876822,False
pair_3068_binder,Binder,0.00032650730968606203,0.002612058994277419,0.07820535911010237,17169,395x385x382,0.0005485797204937264,0.004388638632230288,0.1313963662344398,9803,0.5709709359892831,False
pair_3071_binder,Binder,0.00032846475424173514,0.002627718553821006,0.0786742081982337,17151,388x384x369,0.0005113713046110383,0.004090971246276083,0.12248416905018214,9911,0.5778671797562824,False
pair_3072_binder,Binder,0.0002804434666044994,0.002243548176716033,0.06717210109928243,17158,391x382x396,0.0004936936869229117,0.003949550276791308,0.11825000828716492,9314,0.5428371605082177,False
pair_3073_binder,Binder,0.0004264986881231415,0.0034119901800383117,0.1021553946119255,17151,355x386x384,0.0006967728827197747,0.0055741841645957045,0.16689174145496122,9942,0.579674654539094,False
pair_3075_binder,Binder,0.00021686858507601793,0.001734949023863192,0.05194458155279018,17167,380x393x351,0.00037057816557598417,0.0029646259111512224,0.0887612548248869,9627,0.5607852274713112,False
pair_3076_binder,Binder,0.000403529387755102,0.0032282357407386686,0.09665376469277451,17150,400x393x362,0.0006732612105368993,0.00538609074991892,0.16126020209338085,9946,0.5799416909620991,False
pair_3077_binder,Binder,0.00019676968779123953,0.0015741578137728517,0.04713047346625305,17168,387x407x399,0.00033862735309412375,0.002709019360725263,0.08110836409357075,9615,0.5600535880708295,False
pair_3078_binder,Binder,0.00018224740766631712,0.001457979549787912,0.0436520823289794,17166,391x403x388,0.00028282845941936854,0.0022626281230099026,0.0677433569763444,9438,0.5498077595246418,False
pair_3079_binder,Binder,0.0002120245538317975,0.0016961967662423975,0.05078433431863466,17146,378x393x406,0.00039353851328624285,0.003148308729174449,0.09426074039444458,8919,0.5201796337338155,False
pair_3080_binder,Binder,0.00023581437405203592,0.0018865153656583333,0.056482495977794415,17142,381x395x384,0.00039188065138204416,0.0031350458313168304,0.09386364764421648,9334,0.5445105588612764,False
pair_3085_binder,Binder,0.0002915785239594263,0.0023326286531797835,0.06983918123292765,17154,401x378x395,0.00048760175077239965,0.003900814777945023,0.11679086161512045,9710,0.5660487349889238,False
pair_3086_binder,Binder,0.000313,0.002504000495409836,0.07497007471286934,17176,404x404x382,0.0005348179389705127,0.00427854435826272,0.1281001304869078,9733,0.5666627852817886,False
pair_3087_binder,Binder,0.00041178099173553716,0.0032942485856426156,0.09863019717492862,17182,385x364x388,0.0006584072164948454,0.005267258774071899,0.1577023585051467,9506,0.5532534047258759,False
pair_3088_binder,Binder,0.0002848621594820043,0.0022788977267298866,0.06823047086017625,17143,379x383x372,0.00046050932482297793,0.0036840753274683257,0.11030165651102772,10027,0.5849034591378405,False
pair_3091_binder,Binder,0.00021358235156887905,0.0017086591506046995,0.0511574595989431,17146,373x372x392,0.0003624557587221522,0.0028996466434645916,0.08681576776840094,9516,0.5549982503207745,False
pair_3099_binder,Binder,0.00041989078816871825,0.00335912696994408,0.10057266377078083,17141,377x368x378,0.0006756984523215178,0.0054055886880534825,0.16184397269621206,10015,0.5842716294265212,False
pair_3100_binder,Binder,0.0003213639118778412,0.00257091180367079,0.07697340729553263,17158,397x379x359,0.0005407494546587722,0.0043259964931570746,0.12952085308853517,9627,0.561079379881105,False
pair_3101_binder,Binder,0.0003760274404483885,0.0030082201187554554,0.09006647062142083,17128,386x379x386,0.0006427528894343868,0.005142024132810889,0.15395281834763141,9777,0.5708197104156936,False
pair_3103_binder,Binder,0.00019305874460389687,0.0015444702624005074,0.046241624622769685,17142,379x384x401,0.00033009668980782777,0.0026407740409327405,0.07906509104589043,9939,0.57980399019951,False
pair_3104_binder,Binder,0.0002695439598880597,0.0021563521057330047,0.06456144029140733,17152,390x402x387,0.00044306351975371977,0.0035445088593014057,0.10612301973956305,9745,0.5681553171641791,False
pair_3108_binder,Binder,0.00030275592706937736,0.002422047895750751,0.07251640406439375,17167,363x384x355,0.0005043006732263077,0.004034406184006991,0.12079060431158656,9655,0.5624162637618687,False
seq1_nb,False Positive,0.00020773791778269478,0.0016619036710647781,0.049757594942059225,17174,388x400x398,0.00035362167623909807,0.002828973969617758,0.08469981944963346,9402,0.5474554559217422,False
seq2_nb,False Positive,0.00013648509027373322,0.0010918809382156045,0.03269104605435942,17170,397x390x410,0.00024227867573291717,0.0019382297893369446,0.058030832016076186,8971,0.5224810716365754,False
seq3_nb,False Positive,0.0007052136991088589,0.005641710709068325,0.1689134942834828,17169,374x389x392,0.001115213547101793,0.008921710141950959,0.26711707011829217,10541,0.6139553847049916,False
seq4_nb,False Positive,0.0008981010483401281,0.0071848098082165305,0.2151140661142674,17170,377x389x358,0.0013348870346598205,0.010679098390109769,0.3197334847338254,10906,0.6351776354105999,False
seq5_nb,False Positive,0.0005510422953684823,0.004408339235126048,0.13198620464449246,17165,375x363x390,0.0009269046827951406,0.007415238929446419,0.2220131416001922,9631,0.5610836003495485,False
seq6_nb,False Positive,0.00014949268946234056,0.0011959417523126183,0.03580663929079696,17167,387x390x388,0.00027275932433964403,0.0021820750264348906,0.0653315876178111,8821,0.5138346828216928,False
seq7_nb,False Positive,0.0010921121925632359,0.008736899269078164,0.261583810451442,17158,391x395x384,0.0014657796625143565,0.011726239620120163,0.35108501856647195,11319,0.6596922718265532,False
pair_0052_nb,False Positive,0.00025243652691119017,0.0020194926148407624,0.060463850743735406,17149,391x374x385,0.00045823469942385045,0.0036658783206750764,0.10975683594835559,9199,0.5364161175578751,False
pair_0091_nb,False Positive,0.00010353389633080956,0.0008282713345177564,0.024798542949633424,17170,379x388x384,0.00019745370993050885,0.0015796299919696622,0.04729431113681623,8922,0.5196272568433314,False
pair_0246_nb,False Positive,0.0001934486499096052,0.001547589505463308,0.046335015133631974,17147,384x396x398,0.00033638682543150536,0.002691095135878056,0.08057171065503162,9154,0.5338543185396862,False
pair_0269_nb,False Positive,0.00014514858271375464,0.00116118889144817,0.034766134474496106,17216,380x401x366,0.00027238141246836896,0.002179051730866539,0.06524106978642333,8694,0.5049953531598513,False
pair_0272_nb,False Positive,7.599405282490816e-05,0.0006079525428810585,0.018202171942546662,17151,380x390x381,0.00014653935291418082,0.0011723150552528613,0.035099253151283274,8716,0.508191942160807,False
pair_0276_nb,False Positive,0.00011353224679860302,0.0009082581540852836,0.027193357906745017,17180,361x366x379,0.0002083755620503597,0.0016670048262153474,0.04991032413818405,8896,0.5178114086146682,False
pair_0288_nb,False Positive,8.376247086247087e-05,0.0006700998994772493,0.02006287124183381,17160,404x387x396,0.00013740434782608696,0.001099235000089416,0.0329112275475873,8970,0.5227272727272727,False
pair_0351_nb,False Positive,0.0001180176113832517,0.000944141077861814,0.02826769694197048,17148,405x382x408,0.00021316010179243196,0.0017052811517247947,0.051056321907927985,9038,0.5270585491019361,False
pair_0502_nb,False Positive,0.00013803249897893693,0.0011042602103064402,0.033061682943306595,17139,385x368x395,0.00024363039548022598,0.0019490435494548886,0.05835459728906852,8850,0.5163661823910379,False
pair_0506_nb,False Positive,0.0004609156120604187,0.0036873256260109145,0.11039897083865013,17147,388x382x377,0.0007950007238883143,0.006360007049416989,0.1904193727370356,9670,0.5639470461305185,False
pair_0647_nb,False Positive,0.00036237759022118745,0.00289902129533315,0.08679704477045361,17180,395x401x382,0.0005900374222494137,0.004720300311894168,0.14132635664353796,9807,0.5708381839348079,False
pair_0777_nb,False Positive,0.00012095356685674387,0.00096762872629672,0.028970919949003596,17186,395x385x371,0.00021406625013465475,0.0017125303398968096,0.05127336346996436,9283,0.540148958454556,False
pair_0827_nb,False Positive,0.00013735274212368727,0.001098822154388538,0.03289886689786042,17140,394x380x377,0.00020408380373425965,0.0016326707528936419,0.04888235787106712,9212,0.5374562427071179,False
pair_1824_nb,False Positive,0.0001351097710190526,0.001080878382001333,0.032361628203632725,17163,401x382x386,0.00026134787574234815,0.0020907834195947224,0.06259830597588989,8756,0.5101672201829517,False
pair_1939_nb,False Positive,8.403234831264207e-05,0.0006722589195057752,0.02012751256005315,17157,395x358x391,0.0001465212292322728,0.0011721700657689113,0.0350949121487698,9209,0.5367488488663519,False
pair_0822_nb,False Positive,0.00018910288976928456,0.0015128234174623648,0.04529411429528038,17164,392x386x398,0.00034704325699745544,0.0027763466052724327,0.08312414985845608,9039,0.5266254952225589,False
pair_0865_nb,False Positive,0.00013129758088020987,0.0010503808548567367,0.03144852858852505,17155,393x408x406,0.000247529729122176,0.0019802382247622726,0.05928856960366086,8897,0.5186243077819878,False
pair_0867_nb,False Positive,0.0001703732230249359,0.0013629860538626518,0.04080796568451053,17164,388x354x349,0.00027204228510411106,0.0021763387114157122,0.06515984165915306,9365,0.5456187368911676,False
pair_1860_nb,False Positive,0.00014183352796916967,0.0011346684482444911,0.03397210922887698,17126,373x401x387,0.00026290379832692745,0.0021032308027340383,0.06297098211778558,8846,0.516524582506131,False
pair_1965_nb,False Positive,0.0004543608812215876,0.0036348877689255754,0.1088289751175322,17158,382x380x378,0.0007210181987384965,0.005768146731120457,0.17269900392576218,9671,0.563643781326495,False
pair_0341_nb,False Positive,0.00022159056724771175,0.001772724888710597,0.05307559547037716,17153,393x397x392,0.0003869781373914907,0.0030958257116328065,0.09268939256385648,9331,0.5439864746691541,False
pair_0450_nb,False Positive,0.00019989607968777303,0.0015991689538935071,0.04787930999681159,17167,378x371x374,0.0003446278531260337,0.0027570233704780085,0.08254560989455115,9069,0.5282810042523446,False
pair_0549_nb,False Positive,0.00013625373308446103,0.0010900300803352396,0.03263563114776167,17144,376x385x415,0.00024924404348831833,0.001993952742404792,0.05969918390433509,8646,0.5043163789080728,False
pair_0567_nb,False Positive,0.00012149472887180383,0.0009719580232737397,0.02910053961897424,17169,380x375x402,0.00020348414581535806,0.0016278734885933031,0.04873872720339231,9272,0.5400431009377367,False
pair_0584_nb,False Positive,0.00032180113139324663,0.0025744095604860553,0.0770781305534747,17147,386x403x376,0.0005168273321573104,0.004134619475281947,0.1237910022539505,9637,0.5620225112264536,False
pair_0602_nb,False Positive,0.00017466199976665502,0.0013972962745845907,0.041835217801933854,17142,379x391x378,0.0002646724986904138,0.002117380408441391,0.06339462300722727,9545,0.5568195076420488,False
pair_0684_nb,False Positive,0.0002001440069991251,0.0016011523727767379,0.04793869379571072,17145,409x367x387,0.00034262719490781387,0.00274101810156565,0.08206641022651646,9112,0.531466899970837,False
pair_0736_nb,False Positive,7.337733208955223e-05,0.0005870187728565202,0.01757541236097366,17152,394x407x405,0.00010799326413427563,0.0008639462840036788,0.025866655209690986,9056,0.5279850746268657,False
pair_0748_nb,False Positive,0.00018340907765007877,0.0014672729114966721,0.043930326691517134,17141,399x369x379,0.00033092874134948096,0.0026474304545829196,0.07926438486775209,9248,0.5395251152208156,False
pair_0765_nb,False Positive,0.00014948766548084213,0.0011959015604526791,0.03580543594169698,17147,392x362x389,0.0002460932041023329,0.0019687460223298263,0.058944491686521744,8873,0.5174666122353765,False
pair_0776_nb,False Positive,0.00011885838284981943,0.0009508672509251112,0.028469079369015306,17166,379x402x389,0.00021932969655642686,0.0017546379196018592,0.052534069449157464,8799,0.512583012932541,False
pair_0782_nb,False Positive,0.00020841850425854628,0.001667348363948808,0.04992060969906611,17142,387x383x405,0.00035850695567777414,0.0028680562128594843,0.08586994649279893,9273,0.5409520476023801,False
pair_0811_nb,False Positive,9.173751965981242e-05,0.0007339003024787217,0.02197306294846472,17167,381x380x377,0.00016495762251439748,0.0013196612412066456,0.03951081560498939,9203,0.5360866779285839,False
pair_0868_nb,False Positive,9.972043638060789e-05,0.0007977636488802787,0.023885139188032294,17141,386x399x400,0.0002028099390753793,0.001622479833606353,0.04857724052713632,8371,0.48836123913423957,False
pair_0876_nb,False Positive,8.24260392980001e-05,0.0006594084448462073,0.019742767809766686,17151,388x394x373,0.00014932306843267105,0.0011945847838067897,0.03576601149122125,9060,0.5282490816861991,False
pair_0878_nb,False Positive,0.0003653185902672424,0.002922549300356543,0.08750147605857914,17138,385x399x383,0.0006180561166059344,0.004944449911093735,0.14803742248783638,9605,0.5604504609639398,False
pair_0883_nb,False Positive,0.000223644240868246,0.0017891542809253824,0.053567493440879715,17138,391x397x389,0.00038576675455943745,0.003086134647059029,0.09239924092991106,9102,0.5311004784688995,False
pair_0891_nb,False Positive,0.0002739591110592627,0.0021916733220908374,0.06561896173924663,17144,374x377x374,0.0004142242730459888,0.003313794839993403,0.09921541437105998,9698,0.5656789547363509,False
pair_0908_nb,False Positive,0.00033592902925067003,0.002687432765706783,0.0804620588534965,17162,395x381x380,0.0005941932693322079,0.00475354709513431,0.1423217693153985,9479,0.5523249038573593,False
pair_0932_nb,False Positive,0.00021873098016336054,0.0017498481875096927,0.052390664296697385,17140,402x399x372,0.0004031104043616538,0.003224883872927925,0.09655340936909955,8804,0.5136522753792299,False
pair_0940_nb,False Positive,0.0003115970253718285,0.002492776696163865,0.0746340328192774,17145,382x384x395,0.0005239594014858219,0.004191676041198527,0.12549928267061458,9557,0.557421988918052,False
pair_0974_nb,False Positive,8.602334403268164e-05,0.000688186888417398,0.020604397856808326,17135,387x399x386,0.000159153063583815,0.0012732247605746515,0.038120501813612324,8650,0.5048147067405895,False
pair_0977_nb,False Positive,0.00011801498454900588,0.0009441200631836897,0.028267067759990713,17151,375x370x381,0.00023299462044231917,0.0018639573323175525,0.05580710575801055,8365,0.48772666316832836,False
pair_1011_nb,False Positive,0.0006665219012115563,0.005332176264649338,0.15964599594758497,17168,405x401x398,0.0011491153455284553,0.009192924583023314,0.27523726296476986,9840,0.5731593662628145,False
pair_1023_nb,False Positive,0.00020603925800618332,0.0016483143901640834,0.049350730244433635,17143,359x398x395,0.00038009417693169096,0.0030407540170586203,0.09104053943289282,8930,0.520912325730619,False
pair_1102_nb,False Positive,0.0002221040442246145,0.0017768327053385394,0.05319858399217184,17185,390x393x394,0.00037769908516663037,0.0030215932791472343,0.09046686464512678,9182,0.5343031713703812,False
pair_1313_nb,False Positive,0.00022318262390670553,0.001785461344502421,0.05345692648210842,17150,397x389x384,0.0004009794952681388,0.003207836596807047,0.0960430118804505,8876,0.5175510204081633,False
pair_1397_nb,False Positive,3.7401701929241704e-05,0.0002992136746325631,0.00895849325247195,17157,383x385x401,6.796217331499313e-05,0.0005436974940890478,0.01627836808649844,8724,0.5084805035845428,False
pair_1654_nb,False Positive,0.00017298832593976187,0.0013839068813203896,0.04143433776408352,17132,382x377x390,0.0003259965951651345,0.0026079732773016504,0.07808303225454043,8811,0.5143007237917347,False
pair_1656_nb,False Positive,0.00011579867101888552,0.0009263895514347923,0.02773621411481414,17156,390x400x379,0.0002116689455388181,0.001693351899335713,0.0506991586627459,8630,0.5030310095593379,False
pair_1658_nb,False Positive,0.00017920981545089366,0.001433678807256687,0.04292451518732596,17177,403x407x385,0.00029887886449833347,0.0023910313890458668,0.07158776613909781,8701,0.5065494556674623,False
pair_1671_nb,False Positive,0.00016373988338192418,0.0013099193262194472,0.03921914150357626,17150,380x378x402,0.0002792511930585683,0.002234009986461479,0.06688652654076284,9220,0.5376093294460641,False
pair_1679_nb,False Positive,0.0002940838037595298,0.002352670895545916,0.0704392483696382,17183,364x382x353,0.0004947338399189463,0.003957871502405917,0.11849914677862028,9870,0.5744049351102835,False
pair_1709_nb,False Positive,7.179213515875327e-05,0.0005743371949011121,0.01719572439823689,17165,387x363x404,0.00011361174101939176,0.0009088941079774152,0.027212398442437582,9437,0.5497815321875911,False
pair_1710_nb,False Positive,0.0001481330462111512,0.0011850646041510887,0.03548097617218829,17182,403x393x383,0.00026987616614837853,0.0021590097563413645,0.06464101066890313,9004,0.5240367826795483,False
pair_1737_nb,False Positive,0.00027597958945649634,0.0022078371524666776,0.06610290875648735,17148,387x388x396,0.000516078164452739,0.004128626132459608,0.12361156085208408,9109,0.5311989736412409,False
pair_1758_nb,False Positive,0.0005526818261122419,0.00442145548367114,0.1323789066967407,17195,399x395x399,0.0009806024497689913,0.007844821150228923,0.2348748847373929,9307,0.5412619947659203,False
pair_1784_nb,False Positive,0.0001376148691953621,0.0011009191713768258,0.032961651837629516,17163,413x389x414,0.00024548585231193927,0.001963887207045373,0.058799018175011174,8694,0.5065547981122182,False
pair_1785_nb,False Positive,0.0002959301892285298,0.002367441982220336,0.07088149647366275,17175,378x378x388,0.0004773328516874807,0.0038186635690122734,0.11433124458120579,9689,0.5641339155749636,False
pair_1792_nb,False Positive,0.000237793887787239,0.0019023514786730908,0.05695663109799673,17146,387x400x386,0.00041219358748347294,0.0032975493522791497,0.09872902252332784,9076,0.5293362883471363,False
pair_1835_nb,False Positive,9.002239850676621e-05,0.0007201793305396942,0.021562255405380065,17144,377x371x392,0.00016124874398717264,0.0012899902071185116,0.0386224612909734,9355,0.5456719552029865,False
pair_1847_nb,False Positive,0.0002612182667055734,0.0020897465470953815,0.06256726188908328,17135,391x389x402,0.0004380893897746014,0.0035047158115955102,0.10493161112561408,9095,0.5307849430989203,False
pair_1914_nb,False Positive,0.00016473382301504023,0.0013178708448575622,0.03945721092387911,17154,409x406x384,0.0002810159779614325,0.0022481282684776566,0.06730922959513942,9075,0.5290311297656524,False
pair_1922_nb,False Positive,0.00020436792397831284,0.001634943715295767,0.04895041063759782,17153,406x384x402,0.00038515487168092435,0.0030812395830624485,0.09225268212761822,9001,0.5247478575176354,False
pair_1938_nb,False Positive,0.00013633325571919203,0.0010906662615389545,0.03265467848919026,17179,382x390x395,0.00021192265436167872,0.0016953815703201628,0.05075992725509469,9102,0.5298329355608592,False
pair_1961_nb,False Positive,0.00011280188844203533,0.0009024152860767461,0.027018421738824735,17157,393x389x378,0.00017777564874630456,0.0014222054713500052,0.0425810021362277,9133,0.5323191700180684,False
pair_0008_low_pkt,Low Confidence,0.0008107796382730455,0.006486238389469373,0.19419875417572974,17140,415x415x406,0.0012909502166586421,0.010327603776558067,0.30920969390892417,10385,0.6058926487747958,False
pair_0393_low_pkt,Low Confidence,0.0004772780695611578,0.0038182253119149823,0.11431812311122702,17136,387x394x379,0.0008299891616193816,0.006639914606644492,0.1987998385222902,9411,0.5491946778711485,False
pair_0482_low_pkt,Low Confidence,0.00021756039153994058,0.0017404834766695499,0.052110283732621256,17163,387x382x360,0.0003596988320052396,0.002877591225365685,0.08615542590915225,9161,0.533764493386937,False
pair_0482_nb,False Positive,0.0008046412897968686,0.006437131591944308,0.1927284907767757,17181,378x382x387,0.001211411941985308,0.009691297453279882,0.29015860638562524,10618,0.6180082649438333,False
pair_1331_low_pkt,Low Confidence,0.00012796057849311874,0.00102368483047827,0.030649246421505093,17148,364x390x371,0.0002310907359695306,0.0018487262535218157,0.055351085434784904,8927,0.5205854910193609,False
pair_1931_low_pkt,Low Confidence,9.080415914254092e-05,0.0007264334168632462,0.021749503498899588,17167,383x385x382,0.00016090252583237662,0.0012872204613321567,0.03853953477042385,8710,0.5073687889555543,False
pair_0065_low_pkt,Low Confidence,0.0006825000000000001,0.005460001080246688,0.1634730862349308,17152,378x386x387,0.0011201206879411472,0.008960967276432714,0.2682924334261292,10059,0.5864622201492538,False
pair_0947_low_pkt,Low Confidence,0.0002957811952842302,0.002366250030430115,0.07084580929431482,17134,371x379x409,0.0005463161561428729,0.004370530113840738,0.13085419502517182,9043,0.5277810201937668,False
pair_0948_low_pkt,Low Confidence,0.0002265991027732463,0.0018127931808422785,0.05427524493539756,17164,390x395x371,0.0003823604516197109,0.0030588842181497916,0.09158335982484406,9477,0.5521440223724073,False
pair_1413_low_pkt,Low Confidence,0.0006688253949746401,0.00535060421839993,0.16019773108981827,17153,386x370x383,0.000987248427377711,0.007897988981617796,0.23646673597658072,10651,0.6209409432752289,False
pair_0715_fail_gate,Fail Geometry,0.00031638518475346776,0.0025310819787955777,0.07578089756872987,17158,366x397x389,0.0004919817581991073,0.003935854844291268,0.11783996539794216,10306,0.6006527567315538,False
pair_1094_fail_gate,Fail Geometry,0.00018133795191244105,0.0014507039023174358,0.04343424857237832,17177,380x411x392,0.0002812179775280899,0.0022497442653306365,0.06735761273445019,9345,0.5440414507772021,False
pair_1682_fail_gate,Fail Geometry,0.00042559067116435965,0.0034047260429308666,0.10193790547697205,17194,385x410x399,0.0006987841472045293,0.005590274283657128,0.1673734815466206,9891,0.5752588112132139,False
pair_1739_fail_gate,Fail Geometry,0.00012372475247524753,0.0009897982156309238,0.02963467711469832,17170,412x396x398,0.00021022319593205668,0.0016817859001933195,0.05035287126327304,9243,0.5383226557949913,False
pair_1941_fail_gate,Fail Geometry,0.00014346542785576978,0.001147723649920229,0.03436298353054578,17167,373x349x383,0.00024046177977622084,0.0019236946188076292,0.0575956472696895,9563,0.5570571445214656,False
pair_0014_fail_gate,Fail Geometry,0.00042924986891931257,0.0034339996307621913,0.10281436020246082,17165,383x387x362,0.0007197131929162737,0.005757706682477139,0.17238642761907602,9543,0.5559568890183513,False
pair_0263_fail_gate,Fail Geometry,0.00029975882009345794,0.002398071035199638,0.07179853398801311,17120,385x385x373,0.0005282781020319931,0.0042262256524034465,0.12653370216776785,9252,0.5404205607476635,False
pair_0540_fail_gate,Fail Geometry,5.915486725663717e-05,0.0004732390316821807,0.014168833283897626,17176,381x399x395,0.00010417109578197442,0.0008333689311356212,0.02495116560286291,8843,0.5148462971588262,False
pair_0997_fail_gate,Fail Geometry,0.00019466143981346546,0.0015572918266137685,0.04662550379083139,17155,375x370x383,0.00034774750371786704,0.0027819805801503924,0.08329283174102972,9414,0.5487612940833576,False
pair_1745_fail_gate,Fail Geometry,0.00011837984044721365,0.0009470389109468381,0.02835445841158198,17173,404x408x402,0.00015265279569892475,0.0012212226072070417,0.03656355111398329,9300,0.5415477784894893,False
bind_019_binder,Binder,0.00017690187270287617,0.0014152152616195837,0.04237171441974802,17141,387x383x395,0.0002773142556549185,0.0022185144841665363,0.06642258934630349,9505,0.5545184061606674,False
bind_020_binder,Binder,0.00029738228098788444,0.0023790587185935136,0.07122930295190161,17168,395x383x376,0.0004963152709359605,0.003970522953045087,0.11887793272590082,9744,0.5675675675675675,False
bind_022_binder,Binder,0.0003096221885561123,0.0024769779985124056,0.0741610179195331,17162,386x365x389,0.0005021985234627831,0.004017588982571556,0.12028709528657354,9888,0.5761566251019695,False
bind_034_binder,Binder,0.0001361209047452489,0.0010889674534113047,0.032603815970398346,17154,392x388x402,0.00024845908490981087,0.0019876730725343164,0.05951116983635678,9092,0.5300221522676927,False
bind_041_binder,Binder,0.00026272106582706547,0.0021017689424459173,0.06292721384568614,17151,384x385x386,0.0004049957472660996,0.0032399666191475726,0.09700498859723271,9876,0.5758264824208501,False
bind_043_binder,Binder,0.00024348771398625827,0.0019479020972773136,0.05832042207417107,17174,405x390x400,0.0004216841828691539,0.003373474130386113,0.10100221947263811,9515,0.55403516944218,False
bind_069_binder,Binder,0.00012180888345558273,0.0009744712604412082,0.029175786240754738,17178,370x399x378,0.0002164444563585674,0.0017315559934522858,0.051842993815936704,9326,0.5429037140528583,False
bind_076_binder,Binder,0.000237044776119403,0.0018963585841447245,0.056777203118105524,17152,383x369x379,0.00041108345339687464,0.0032886682778292663,0.0984631220906966,9023,0.5260611007462687,False
bind_080_binder,Binder,0.00042068541290284984,0.003365483969074848,0.1007629930860733,17159,396x402x400,0.0006802873480321451,0.0054422998610017094,0.16294310961082964,9706,0.5656506789439945,False
bind_083_binder,Binder,0.00013806827590227974,0.0011045464257498096,0.03307025226795837,17151,396x382x363,0.00022833748712667356,0.0018267002584211748,0.05469162450362799,9710,0.5661477464870853,False
bind_088_binder,Binder,0.0002884593552908199,0.0023076752988939776,0.06909207481718496,17124,372x374x359,0.00046495009794824207,0.0037196015194992014,0.11136531495506591,9699,0.5663980378416258,False
bind_099_binder,Binder,7.269819477712217e-05,0.0005815856732821555,0.017412744709046572,17117,384x383x398,0.00012459333759046404,0.0009967468979274342,0.02984272149483336,9396,0.5489279663492435,False
bind_100_binder,Binder,0.0004782036259764487,0.0038256297647022604,0.11453981331443894,17154,346x373x367,0.0007444483415935951,0.005955587911045984,0.17831101530077798,10492,0.6116357700827795,False
bind_101_binder,Binder,0.0001013025479563874,0.0008104205439906477,0.024264088143432568,17151,382x391x389,0.00014625175122054765,0.001170014241248586,0.035030366504448684,9422,0.549355722698385,False
bind_102_binder,Binder,0.00023131572495914076,0.0018505261657948047,0.05540497502379655,17132,360x383x358,0.00038430060056896003,0.0030744054128146116,0.09204806625193448,9491,0.5539925286014475,False
bind_110_binder,Binder,5.936716609339474e-05,0.0004749374227122634,0.014219683314738425,17153,387x380x370,9.53303896103896e-05,0.0007626432677700583,0.022833630771558634,9625,0.5611263335859616,False
pair_3061_binder,Binder,0.00015695591755707363,0.0012556475888831238,0.03759423918811748,17127,389x367x391,0.00027541721715424133,0.002203338173158526,0.06596820877720139,9537,0.5568400770712909,False
nonb_006_nb,False Positive,0.00037459245019224045,0.0029967401944349984,0.0897227603124251,17166,391x373x405,0.0006081588288378622,0.0048652715932839385,0.1456668141701778,9973,0.5809740184084818,False
nonb_008_nb,False Positive,9.326469386563939e-05,0.0007461176985425167,0.02233885324977595,17133,357x400x392,0.000147533996489175,0.0011802722054271156,0.03533749118045257,8545,0.49874511177260256,False
nonb_009_nb,False Positive,0.00012533319722335648,0.001002665776161608,0.03001993341801222,17143,375x366x379,0.0002266284383799004,0.0018130278657419428,0.05428227142939949,9234,0.5386455112874059,False
nonb_010_nb,False Positive,0.0002618081297019887,0.002094465452000327,0.06270854646707566,17147,404x381x396,0.0004397182990817665,0.0035177470886310343,0.10532176912068965,9148,0.5335044031025835,False
nonb_011_nb,False Positive,0.00029006757229477616,0.00232054103747108,0.06947727657099041,17152,396x384x394,0.0004660122808859032,0.0037280989846816912,0.11161973008029016,9527,0.5554454291044776,False
nonb_013_nb,False Positive,0.00022256379821958456,0.001780510738025989,0.05330870473131703,17187,367x385x393,0.0004084750464125805,0.0032678010178263813,0.09783835382713717,9157,0.5327864083318787,False
nonb_014_nb,False Positive,0.0003588780502009201,0.002871024969632013,0.08595883142610818,17171,384x405x375,0.0006352608055526343,0.005082087449898555,0.15215830688319026,9509,0.5537825403296255,False
nonb_017_nb,False Positive,0.0002857842221962889,0.002286274229903585,0.06845132424861033,17138,381x365x382,0.0004904135660535117,0.0039233093046444015,0.11746435043845514,9568,0.5582915159295133,False
nonb_018_nb,False Positive,0.0003078733469268861,0.002462987262710566,0.0737421336140888,17165,363x374x375,0.00046948361934477374,0.0037558696978470174,0.11245118855829393,9615,0.5601514710166036,False
nonb_019_nb,False Positive,0.00042458773821318256,0.0033967025777340287,0.1016976819680847,17159,355x381x377,0.0006478679628554847,0.005182944728275703,0.15517798587651804,10338,0.6024826621597995,False
nonb_021_nb,False Positive,0.00024845077236957156,0.001987606572199245,0.059509178808360624,17155,373x379x386,0.00036394183622828785,0.0029115352658658092,0.08717171454688052,10075,0.5872923345963276,False
nonb_022_nb,False Positive,0.0003412786713286713,0.0027302299107980943,0.08174341050293696,17160,354x386x382,0.0005826721173119527,0.0046613778607368294,0.13956221139930627,9479,0.5523892773892773,False
nonb_023_nb,False Positive,0.0001142891221930592,0.0009143131584388994,0.027374645462242497,17145,377x404x397,0.00021651686283386147,0.0017321352453692417,0.05186033668770185,8836,0.5153689122193059,False
nonb_024_nb,False Positive,0.00020696095254771495,0.0016556879479551752,0.04957149544775974,17133,392x396x380,0.0003751069577682214,0.0030008562558571975,0.08984599568434723,9069,0.529329364384521,False
nonb_025_nb,False Positive,0.00024066787150935694,0.0019253433529989156,0.05764501056882981,17153,352x388x364,0.0004033054751955426,0.003226444439907789,0.09660013293137093,9333,0.5441030723488602,False
nonb_026_nb,False Positive,0.00023288402753471007,0.0018630725888816356,0.055780616433581905,17142,382x393x381,0.0004298941176470588,0.0034391536216038647,0.10296867130550494,8925,0.5206510325516276,False
nonb_029_nb,False Positive,0.0004331062055289863,0.0034648503297433097,0.10373803382465,17146,411x391x389,0.0006331853729181753,0.005065483985537932,0.15166119717179435,11048,0.6443485361017147,False
nonb_032_nb,False Positive,0.00019578827855933686,0.0015663065383642763,0.046895405340247796,17131,394x373x393,0.000359646787985091,0.002877174873122122,0.08614296027311742,9122,0.532484968770066,False
nonb_046_nb,False Positive,0.00018239740669353426,0.0014591795422430644,0.04368801024679834,17121,377x380x390,0.0002855454058110861,0.0022843636984439687,0.06839412270790325,9327,0.5447695812160505,False
nonb_047_nb,False Positive,0.0004140894966540588,0.003312716628644642,0.09918313259415096,17185,393x387x362,0.0006555926686217008,0.005244742386631934,0.15702821516862078,10230,0.5952865871399476,False
nonb_048_nb,False Positive,0.00038560711162926263,0.0030848575033649507,0.092361003094759,17155,385x373x370,0.0005925058341862845,0.004740047611296085,0.1419175931525774,9770,0.5695132614398135,False
nonb_049_nb,False Positive,8.489119050389853e-05,0.0006791296583951843,0.02033322330524504,17186,372x387x389,0.0001612719298245614,0.0012901756938543197,0.03862801478605748,8664,0.5041312696380775,False
nonb_050_nb,False Positive,0.0009514457402764007,0.007611567428139571,0.22789124036346023,17149,393x408x391,0.0013966606362524035,0.011173287300624394,0.33452955989893396,11442,0.6672109160884017,False
nonb_051_nb,False Positive,0.0002781788977477739,0.002225431622277917,0.066629689289758,17183,370x392x388,0.00047065657717425106,0.0037652533623393687,0.1127321365969871,9647,0.5614269917942152,False
nonb_052_nb,False Positive,0.00022611241122365817,0.0018088996476752482,0.054158672086085276,17178,382x366x374,0.0003763305102688969,0.0030106446777992146,0.09013906220955732,9446,0.5498893934101758,False
nonb_053_nb,False Positive,0.00019620528798555706,0.0015696426144340718,0.04699528785730754,17171,376x360x373,0.0003150198848201673,0.002520159577168206,0.07545387955593431,9203,0.5359617960514822,False
nonb_054_nb,False Positive,0.00015554303362274924,0.0012443445151722457,0.03725582380755227,17161,397x397x372,0.0002722335946729675,0.0021778691882693643,0.06520566431944205,9311,0.5425674494493328,False
nonb_056_nb,False Positive,0.00029529267439827497,0.002362341862569252,0.07072879828051654,17159,369x396x387,0.0004678675905320655,0.0037429414647875345,0.11206411571220164,9886,0.5761408007459642,False
nonb_066_nb,False Positive,0.0003938977736332906,0.0031511828125194608,0.09434679079399583,17158,402x379x381,0.0006611611042439226,0.0052892898804233115,0.15836197246776382,9708,0.5658002098146637,False
nonb_067_nb,False Positive,0.0001530294117647059,0.001224235536329391,0.036653758572736256,17136,380x358x381,0.0002715507719069363,0.0021724066050603573,0.0650421139239628,9198,0.5367647058823529,False
nonb_068_nb,False Positive,0.0003057493738715126,0.002445995474905798,0.07323339745226941,17169,380x376x382,0.000496459356136821,0.003971675634880025,0.1189124441580846,9940,0.5789504339216028,False
nonb_071_nb,False Positive,0.00031786909620991257,0.00254295327279584,0.07613632553280958,17150,384x384x390,0.0005297453698913606,0.004237963797600747,0.1268851436407409,9665,0.5635568513119533,False
nonb_072_nb,False Positive,0.00020165067055393586,0.0016132056835999394,0.04829957136526765,17150,392x367x381,0.0003619416873449131,0.002895534071633017,0.08669263687524004,8866,0.5169679300291545,False
nonb_073_nb,False Positive,0.0003411645024165841,0.002729316559320693,0.08171606465032015,17173,393x394x397,0.0005565414161996943,0.004452332210479637,0.1333033595951987,9815,0.5715367146101439,False
nonb_074_nb,False Positive,0.00044180685194895994,0.0035344555148742996,0.10582202140342215,17163,396x411x400,0.0006842491513917175,0.005473994294148948,0.16389204473499844,10311,0.6007690963118336,False
nonb_075_nb,False Positive,0.0002832577883887498,0.0022660627554444857,0.06784619028276903,17173,377x405x401,0.0004598630243685323,0.0036789049228098097,0.11014685397634161,8987,0.5233214930414022,False
nonb_080_nb,False Positive,0.0001982042634981653,0.001585634421698874,0.047474084482002216,17169,389x367x372,0.00035221639272885603,0.0028177316993115683,0.08436322453028648,9187,0.535092317549071,False
nonb_081_nb,False Positive,0.000632483049860205,0.005059865399962548,0.15149297604678286,17168,380x395x378,0.001057664902646031,0.008461320895218076,0.25333296093467295,10015,0.5833527493010252,False
nonb_082_nb,False Positive,0.0003640089832584729,0.002912072442213568,0.08718779767106492,17143,391x405x407,0.0006038066975785676,0.00483045453632112,0.1446243873150036,9705,0.5661202823309806,False
nonb_085_nb,False Positive,0.00015755237873405926,0.001260419279243075,0.037737104168954344,17173,381x380x383,0.00024574884488448844,0.0019659911480420255,0.05886201042041993,9090,0.5293192802655331,False
nonb_086_nb,False Positive,0.00011122441955431104,0.0008897955324781671,0.026640584804735544,17142,397x395x384,0.00018855960744953719,0.0015084771580444899,0.0451639867677991,8967,0.5231011550577529,False
nonb_087_nb,False Positive,6.242677312197681e-05,0.0004994142837836019,0.014952523466574906,17159,377x396x366,9.927727810650887e-05,0.0007942183819860648,0.02377899347263667,8450,0.49245294014802726,False
nonb_088_nb,False Positive,0.0003999852641388549,0.003199882746199127,0.09580487264069243,17169,381x372x389,0.0006756469833119384,0.005405176935895383,0.16183164478728693,10127,0.5898421573766672,False
nonb_089_nb,False Positive,0.001109395472314604,0.008875165534444722,0.26572351899535096,17139,396x408x389,0.0015102694158075599,0.012082157716883238,0.3617412490084802,11640,0.679152809382111,False
nonb_115_nb,False Positive,0.00014609214977254168,0.0011687374294119244,0.03499213860514744,17146,408x394x375,0.0002367603546974969,0.0018940832123192997,0.056709078213152686,8909,0.5195964073253236,False
nonb_116_nb,False Positive,0.00030986107714701597,0.0024788891076177426,0.07421823675502223,17175,378x397x382,0.0004276411547154304,0.003421129914584895,0.10242903935882919,9734,0.5667540029112081,False
nonb_117_nb,False Positive,0.00010111535100495193,0.0008089229680828726,0.02421925054140337,17165,362x369x359,0.00018230905511811026,0.0014584727294998314,0.043666848188617706,9144,0.5327119137780367,False
