resSeq,mean_R_core,mean_R_tail,delta_tail_minus_core
61,0.27696562499999994,0.004416216216216216,-0.2725494087837837
163,0.2648625,0.025828994082840236,-0.23903350591715977
83,0.21754715025906737,0.01274186046511628,-0.2048052897939511
120,0.21726302083333335,0.014696875000000002,-0.20256614583333335
89,0.20407720207253885,0.024297590361445784,-0.17977961171109308
92,0.15164507772020724,-0.003544166666666667,-0.1551892443868739
160,0.15741822916666667,0.0034764705882352927,-0.15394175857843137
164,0.20970310880829018,0.10418563829787233,-0.10551747051041785
62,0.09988177083333334,0.004679878048780487,-0.09520189278455285
81,0.08186544502617801,-0.006136094674556213,-0.08800153970073422
59,0.13193575129533677,0.047185340314136126,-0.08475041098120065
117,0.0433265625,-0.022351020408163263,-0.06567758290816327
87,0.060654922279792745,-0.0034415384615384616,-0.06409646074133121
167,0.1360304347826087,0.08201546961325966,-0.05401496516934905
122,0.13025077720207254,0.07905287958115183,-0.05119789762092071
110,0.052169791666666666,0.008537588652482268,-0.0436322030141844
159,0.035715544041450775,0.006337662337662338,-0.02937788170378844
115,0.02220208333333333,-0.0038244444444444445,-0.026026527777777773
85,-0.009857894736842105,-0.029687500000000002,-0.0198296052631579
60,0.04589477611940299,0.028846428571428568,-0.017048347547974425
82,0.004526865671641793,-0.012181249999999998,-0.01670811567164179
90,0.03644666666666666,0.021155555555555556,-0.015291111111111106
145,0.013639024390243904,-0.00021923076923076925,-0.013858255159474673
166,-0.015703389830508476,-0.024514035087719297,-0.008810645257210821
91,0.03909509202453988,0.03128793103448276,-0.00780716099005712
94,0.013133333333333332,0.006793678160919541,-0.006339655172413791
55,-0.005287709497206706,-0.009797701149425287,-0.004509991652218581
108,-0.05884540229885058,-0.06329532163742689,-0.0044499193385763094
58,-0.08449583333333334,-0.08769894736842104,-0.0032031140350877035
49,-0.12691588235294116,-0.12935906432748537,-0.002443181974544212
50,-0.005490697674418604,-0.006202325581395348,-0.000711627906976744
109,-0.005973563218390805,-0.006463380281690141,-0.0004898170632993363
96,-0.025365217391304345,-0.02550940170940171,-0.000144184318097363
65,-0.003951162790697674,-0.004079999999999999,-0.00012883720930232517
95,-0.0020666666666666667,-0.002188235294117647,-0.00012156862745098035
48,-0.019647474747474743,-0.01976020408163265,-0.00011272933415790512
165,-0.0014,-0.0014458333333333335,-4.583333333333349e-05
76,0.0,0.0,0.0
77,-0.0103,-0.0103,0.0
78,-0.0021,-0.0021,0.0
105,-0.024675000000000002,-0.024675000000000002,0.0
64,0.0,0.0,0.0
57,-0.0004342105263157895,-0.0004342105263157895,0.0
36,-0.009175,-0.009175,0.0
46,-1.6666666666666667e-05,-1.6666666666666667e-05,0.0
35,0.0,0.0,0.0
32,-0.0010625,-0.0010625,0.0
33,-8e-05,-8e-05,0.0
66,0.0,0.0,0.0
71,0.0,0.0,0.0
125,0.0,0.0,0.0
126,0.0,0.0,0.0
174,0.0,0.0,0.0
67,-0.0033333333333333335,-0.0033333333333333335,0.0
69,0.0,0.0,0.0
54,-0.0023545454545454546,-0.0023515151515151518,3.0303030303028937e-06
53,-0.0039146341463414626,-0.0039,1.4634146341462734e-05
86,-0.0011616438356164384,-0.0011333333333333332,2.8310502283105223e-05
73,-0.007510416666666668,-0.007479166666666666,3.125000000000176e-05
144,-3.3333333333333335e-05,0.0,3.3333333333333335e-05
98,-0.0012681818181818183,-0.0012304347826086958,3.774703557312244e-05
140,-0.00016666666666666666,-0.000125,4.166666666666666e-05
97,-5e-05,0.0,5e-05
150,-5e-05,0.0,5e-05
51,-0.06660576923076923,-0.06655225806451613,5.3511166253100706e-05
99,-0.0020900000000000003,-0.0020225806451612907,6.741935483870962e-05
149,-0.00010476190476190477,0.0,0.00010476190476190477
153,-0.00015,0.0,0.00015
139,-0.008016129032258065,-0.007835937500000001,0.0001801915322580637
171,-0.02405546875,-0.023799999999999998,0.00025546875000000135
152,-0.0003733333333333333,0.0,0.0003733333333333333
169,-0.00045,0.0,0.00045
170,-0.0017719999999999997,-0.0011681818181818182,0.0006038181818181815
84,-0.0010988888888888888,-0.00039,0.0007088888888888889
142,-0.0329561403508772,-0.03221743119266055,0.0007387091582166452
121,-0.0027682539682539684,-0.0019929824561403515,0.0007752715121136168
147,-0.0014600000000000001,-0.00026,0.0012000000000000001
168,-0.013603007518796992,-0.012330303030303032,0.00127270448849396
93,-0.0017063291139240507,-4e-05,0.0016663291139240506
56,0.012048387096774192,0.014174999999999998,0.0021266129032258066
148,-0.006679268292682928,-0.004213333333333334,0.002465934959349594
123,-0.03443581081081081,-0.031960666666666665,0.0024751441441441466
34,0.013257500000000002,0.01578857142857143,0.0025310714285714277
88,-0.006927979274611398,-0.00372962962962963,0.0031983496449817677
106,-0.11112874251497006,-0.1077047619047619,0.003423980610208155
124,-0.11257977528089888,-0.10887640449438202,0.003703370786516863
157,-0.0037533333333333333,0.0,0.0037533333333333333
111,-0.018429729729729727,-0.014504761904761904,0.003924967824967823
114,-0.008135975609756096,-0.004127118644067796,0.0040088569656883
107,-0.03794675324675324,-0.03388717948717949,0.004059573759573755
52,-0.04852987804878048,-0.04433841463414634,0.004191463414634139
158,-0.005271830985915492,-1.8181818181818182e-05,0.005253649167733674
146,-0.006858823529411765,-0.00046,0.006398823529411765
143,-0.013745528455284551,-0.006124999999999999,0.007620528455284552
141,-0.012438297872340428,-0.003916666666666665,0.008521631205673764
161,-0.010001754385964913,-0.0009238095238095238,0.00907794486215539
162,-0.01826638655462185,-0.004797674418604652,0.013468712136017198
151,-0.017475,-0.003888888888888889,0.013586111111111111
156,-0.014982727272727273,-0.0006333333333333333,0.01434939393939394
79,-0.03784049079754601,-0.020734810126582275,0.017105680670963738
112,-0.030733870967741935,-0.012936842105263158,0.017797028862478775
155,-0.01835434782608696,0.0,0.01835434782608696
80,0.028700000000000003,0.047641666666666665,0.018941666666666662
113,-0.02957214285714286,-0.00869375,0.02087839285714286
118,-0.072036301369863,-0.02583191489361702,0.04620438647624597
119,-0.07802195121951219,-0.02992105263157895,0.04810089858793325
116,-0.10236502732240436,-0.031185483870967742,0.07117954345143662
1,,,
2,,,
3,,,
4,,,
5,,,
6,,,
7,,,
8,,,
9,,,
10,,,
11,,,
12,,,
13,,,
14,,,
15,,,
16,,,
17,,,
18,,,
19,,,
20,,,
21,,,
22,,,
23,,,
24,,,
25,,,
26,,,
27,,,
28,0.0,,
29,,,
30,0.0,,
31,,,
37,,,
38,,,
39,,,
40,,,
41,,,
42,,,
43,,,
44,,,
45,,,
47,,,
63,,,
68,,,
70,,,
72,,,
74,,,
75,,,
100,,,
101,,,
102,,,
103,,,
104,,,
127,,,
128,,,
129,,,
130,,,
131,,,
132,,,
133,,,
134,,,
135,,,
136,,,
137,,,
138,,,
154,-0.0004833333333333333,,
172,,,
173,0.0,,
175,,,
176,,,
177,,,
178,,,
179,,,
180,,,
181,,,
