resSeq,n_binder,n_fp,mean_binder,mean_fp,cohens_d,auc,p,q
81,46,48,-0.1139,0.10755833333333335,-0.8073783514064993,0.2653985507246377,9.071585783433529e-05,0.0070758369110781524
62,47,48,-0.009314893617021277,0.10414583333333333,-0.8822356889102401,0.28390957446808507,0.00028887327982051147,0.011266057912999948
162,35,35,-0.03221714285714286,-0.017368571428571428,-0.28046110399812935,0.3012244897959183,0.004215827710740165,0.10961152047924429
61,47,48,0.3995382978723405,0.28605416666666666,0.5595608279686799,0.6591312056737588,0.007618045003189605,0.1485518775621973
116,46,44,-0.15767608695652177,-0.08300454545454544,-0.5521907265748938,0.3438735177865613,0.010863485120430907,0.15921032895492873
151,25,15,-0.0015840000000000001,-0.022333333333333327,0.609644990463417,0.7293333333333334,0.012246948381148365,0.15921032895492873
55,46,40,-0.05725652173913044,0.011382499999999999,-0.37333230297005204,0.346195652173913,0.014438058981560411,0.16088122865167315
167,47,46,0.16590000000000002,0.0918891304347826,0.3581931904343934,0.6426919518963922,0.017945366455474107,0.16766495655349944
60,35,31,0.040274285714285714,-0.005664516129032259,0.5884142625715816,0.6640552995391705,0.01934595652540378,0.16766495655349944
142,37,30,-0.008781081081081079,-0.06920666666666668,0.5943466900559873,0.65,0.032513957870954735,0.21224001789504995
83,47,48,0.2418872340425532,0.17096041666666664,0.3898761527498786,0.6274379432624114,0.03265170151544045,0.21224001789504995
87,47,48,0.05754042553191489,0.06201458333333334,-0.03715292911383572,0.6274379432624114,0.032652310445392296,0.21224001789504995
59,47,48,0.04535744680851064,0.1249,-0.3843035344947361,0.38430851063829785,0.052492152466883824,0.29486075343085094
79,44,40,-0.09634318181818181,-0.02827249999999999,-0.2057509450231327,0.378125,0.05524777250033344,0.29486075343085094
159,47,48,0.08151063829787233,0.004745833333333335,0.4307689565908568,0.6136968085106383,0.056703991044394414,0.29486075343085094
89,47,48,0.1521659574468085,0.21365833333333337,-0.32045402503734993,0.38918439716312053,0.06328432653570867,0.30851109186157977
94,47,48,-0.052474468085106384,0.016747916666666664,-0.4518836528866604,0.39583333333333337,0.08089196409177576,0.36366475466314735
56,13,10,-0.002223076923076923,-0.00012000000000000002,-0.6587464239355126,0.3076923076923077,0.08429676841176512,0.36366475466314735
115,47,48,-0.03255744680851063,0.039210416666666664,-0.42138498758738896,0.4011524822695036,0.09767924353026727,0.36366475466314735
156,35,30,-0.008934285714285714,-0.006099999999999999,-0.10125138995364223,0.3819047619047619,0.09994401866974197,0.36366475466314735
84,27,22,0.000651851851851852,-0.001168181818181818,0.47425736077691694,0.6026936026936026,0.10622587555832477,0.36366475466314735
92,47,48,0.12160425531914895,0.20886874999999996,-0.393375107718236,0.40381205673758863,0.1070602419112248,0.36366475466314735
58,47,47,-0.16843617021276597,-0.07737659574468086,-0.3971769182361279,0.40334993209597103,0.1072344789391332,0.36366475466314735
157,9,7,-0.0001,-0.00014285714285714287,0.19205531989934396,0.7222222222222222,0.11207784712497738,0.36425300315617654
85,6,8,0.0005166666666666667,-0.0019125000000000001,0.5851614824516896,0.6875,0.1267819688160122,0.39555974270595806
118,30,36,-0.05350666666666667,-0.05995833333333332,0.04759239968127479,0.6004629629629631,0.1599560573653891,0.4798681720961673
96,29,27,-0.012248275862068966,-0.033433333333333336,0.3588409547330005,0.6047254150702427,0.1761422298166343,0.508855330581388
112,20,32,-0.026515,-0.04235625,0.21247748687977078,0.60234375,0.21533470169324376,0.5862855524759254
110,47,48,0.042812765957446805,0.06767916666666667,-0.17965125340868535,0.42641843971631205,0.21797796181797224,0.5862855524759254
106,42,38,-0.1300666666666667,-0.10308947368421052,-0.1691490380674716,0.4213659147869674,0.22834887497105572,0.593707074924745
123,41,38,-0.05862926829268292,-0.050610526315789474,-0.07736652875171846,0.423620025673941,0.24467611625489882,0.6156366796091003
149,9,6,-2.2222222222222223e-05,-0.0001,0.7616729741102685,0.6574074074074074,0.25550882029402844,0.6228027494666943
107,42,34,-0.05537857142857142,-0.05598823529411764,0.006170677732061556,0.42647058823529416,0.2734546182996753,0.6463472796174143
166,34,26,-0.0009147058823529416,-0.031165384615384616,0.35785750877387373,0.419683257918552,0.2860562476083407,0.6562466856897228
121,26,19,-0.0007769230769230789,-0.0007052631578947369,-0.0010307334130922063,0.42206477732793524,0.3430341533776493,0.7644761132416185
51,39,38,-0.043046153846153845,-0.0435263157894737,0.0028996004657476262,0.5583670715249663,0.38069254741782577,0.7958795703435464
93,7,21,-0.0007,-0.00032857142857142856,-0.34530466154085937,0.40816326530612246,0.38691485450424623,0.7958795703435464
109,31,24,-0.010567741935483871,-0.0012125,-0.43238543010846886,0.43682795698924737,0.38773620093659955,0.7958795703435464
48,18,26,-0.0029444444444444444,-0.021619230769230766,0.28244081495198126,0.5683760683760684,0.4328017689909216,0.8280888867258467
54,11,21,-0.00014545454545454543,-0.0004238095238095238,0.4263860667581761,0.5735930735930737,0.4393902940518908,0.8280888867258467
113,28,36,-0.03516428571428571,-0.020330555555555557,-0.15219421931059415,0.5535714285714286,0.46392175982919526,0.8280888867258467
139,9,14,-0.017933333333333332,-0.0006500000000000001,-0.6232271805632299,0.4166666666666667,0.47431655154704067,0.8280888867258467
82,6,21,-0.0005666666666666666,-0.014642857142857143,0.09295177712852418,0.40476190476190477,0.4753300891861675,0.8280888867258467
111,12,20,-0.01750833333333333,-0.040490000000000005,0.29411254201608655,0.5770833333333334,0.4759456354453122,0.8280888867258467
124,45,44,-0.13638666666666668,-0.11267727272727272,-0.10418919075642634,0.4560606060606061,0.47774358849568077,0.8280888867258467
88,47,48,0.0011361702127659578,0.005862499999999995,-0.03860513254021549,0.4601063829787234,0.5052779930920952,0.8463780509850213
163,47,48,0.1572936170212766,0.20451666666666668,-0.15764002933601487,0.4605496453900709,0.5100484273287262,0.8463780509850213
99,6,10,-1.6666666666666667e-05,-0.004350000000000001,0.4277072875740901,0.5833333333333334,0.5208480313753977,0.8463780509850213
108,44,38,-0.08000681818181817,-0.08977105263157896,0.06548512716940186,0.5388755980861244,0.5486060897129175,0.8473881631431356
122,47,48,0.013046808510638302,0.08360000000000001,-0.2720390642793816,0.464095744680851,0.549030751466103,0.8473881631431356
168,26,30,-0.006853846153846154,-0.02251,0.14060830293808932,0.5461538461538462,0.5540614912858963,0.8473881631431356
141,47,46,-0.10431489361702127,-0.0861304347826087,-0.05742321163357479,0.4666975023126735,0.5827168798265192,0.8599202242692199
164,47,48,0.0749659574468085,0.11750416666666667,-0.1576137332962815,0.4671985815602837,0.584304767772675,0.8599202242692199
65,9,12,-0.00033333333333333327,-0.0017000000000000003,0.2782080757819007,0.5648148148148148,0.6178169320474036,0.8765769159348397
158,24,19,-0.0008583333333333333,-0.0022526315789473685,0.34488630756133093,0.5405701754385965,0.6322347215075048,0.8765769159348397
117,47,48,0.039682978723404254,0.06767291666666667,-0.20577569691807657,0.4720744680851064,0.6417684722545729,0.8765769159348397
50,32,29,-0.012993749999999998,0.010872413793103447,-0.480176354657272,0.4676724137931034,0.6613484281780382,0.8765769159348397
52,43,38,-0.042704651162790694,-0.03297894736842105,-0.06809846146330088,0.4730722154222766,0.6805317827714832,0.8765769159348397
53,6,12,-0.0007166666666666667,-0.000525,-0.16499541609958046,0.4375,0.6806768752513574,0.8765769159348397
86,22,17,-0.00046818181818181805,-0.001076470588235294,0.1605064175740124,0.4679144385026738,0.6813473565017685,0.8765769159348397
147,8,11,-0.0016375,-0.0016818181818181817,0.00883071125948514,0.44318181818181823,0.6938781982722563,0.8765769159348397
171,27,30,-0.006503703703703704,0.003196666666666668,-0.21546104762908955,0.5296296296296296,0.6967662665123084,0.8765769159348397
143,41,35,-0.023148780487804877,-0.03834571428571429,0.18365596961521535,0.5222996515679443,0.7421944417124469,0.9189074040249342
119,23,32,-0.06807826086956523,-0.05763125,-0.07697424207556963,0.5251358695652174,0.7558076001920564,0.9211405127340687
91,34,40,0.01265,0.0334325,-0.13886553728171772,0.5169117647058824,0.8018556732439692,0.9532964727566025
120,47,48,0.19112553191489362,0.18828541666666665,0.01572919301639138,0.4858156028368794,0.8146164622964697,0.9532964727566025
57,6,11,-0.00013333333333333334,-0.0001,-0.12824729401064427,0.5303030303030303,0.8394804755251088,0.9532964727566025
148,27,23,-0.0028814814814814814,-0.010926086956521738,0.38167671393814867,0.5169082125603864,0.840373860099455,0.9532964727566025
34,7,14,-0.006871428571428571,-0.0029071428571428573,-0.4762778876148515,0.5306122448979592,0.8433007259000714,0.9532964727566025
90,12,34,-0.005558333333333333,0.037879411764705884,-0.27446737319452436,0.5159313725490197,0.878580116699881,0.9603665552246187
155,14,15,-0.0005428571428571428,-0.0021533333333333335,0.3241738243994807,0.5166666666666666,0.8858128700386385,0.9603665552246187
160,47,48,0.18383829787234046,0.1840375,-0.000994427017351389,0.5082003546099292,0.8934125175906731,0.9603665552246187
49,39,42,-0.10291794871794871,-0.08474999999999999,-0.09124835318469215,0.4917582417582418,0.9021683322709663,0.9603665552246187
73,8,9,-0.0182125,-0.002088888888888889,-0.4608118309397216,0.5208333333333333,0.9204724415195916,0.9603665552246187
114,41,42,-0.019573170731707317,0.012576190476190477,-0.3224336911469989,0.5063879210220674,0.9234293800236717,0.9603665552246187
145,26,32,0.012634615384615385,0.009828125,0.06622626949189588,0.5030048076923077,0.9733291562893995,0.9989430814549101
98,6,7,0.0,0.0,0.0,0.5,1.0,1.0
161,21,16,-0.0007380952380952381,-0.0161625,0.43144301041767413,0.5,1.0,1.0
