position,amino_acid,binder_freq,nonbinder_freq,binder_count,nonbinder_count
59,A,0.34,0.083,16,4
59,L,0.106,0.021,5,1
59,R,0.0,0.438,0,21
59,V,0.553,0.458,26,22
81,D,0.766,0.229,36,11
81,I,0.021,0.0,1,0
81,L,0.213,0.75,10,36
81,V,0.0,0.021,0,1
83,A,0.106,0.604,5,29
83,F,0.0,0.021,0,1
83,L,0.787,0.271,37,13
83,V,0.106,0.104,5,5
92,A,0.213,0.604,10,29
92,G,0.0,0.104,0,5
92,I,0.0,0.021,0,1
92,M,0.787,0.271,37,13
94,A,0.0,0.021,0,1
94,E,0.043,0.354,2,17
94,L,0.128,0.042,6,2
94,Q,0.021,0.0,1,0
94,V,0.809,0.583,38,28
108,A,0.532,0.708,25,34
108,G,0.128,0.062,6,3
108,H,0.085,0.042,4,2
108,M,0.0,0.021,0,1
108,Q,0.0,0.021,0,1
108,V,0.234,0.146,11,7
108,W,0.021,0.0,1,0
110,I,0.319,0.146,15,7
110,L,0.021,0.104,1,5
110,V,0.66,0.75,31,36
117,L,0.489,0.646,23,31
117,V,0.511,0.354,24,17
120,F,0.064,0.062,3,3
120,L,0.617,0.708,29,34
120,Y,0.319,0.229,15,11
122,E,0.0,0.021,0,1
122,S,0.319,0.208,15,10
122,T,0.489,0.271,23,13
122,W,0.191,0.5,9,24
141,K,0.766,0.458,36,22
141,M,0.021,0.0,1,0
141,Q,0.128,0.146,6,7
141,R,0.064,0.333,3,16
141,S,0.021,0.062,1,3
159,F,0.021,0.042,1,2
159,H,0.17,0.396,8,19
159,I,0.681,0.5,32,24
159,Y,0.128,0.062,6,3
160,L,0.34,0.25,16,12
160,M,0.149,0.104,7,5
160,V,0.511,0.646,24,31
163,F,0.149,0.125,7,6
163,G,0.681,0.5,32,24
163,I,0.064,0.083,3,4
163,L,0.106,0.292,5,14
164,F,0.085,0.312,4,15
164,I,0.191,0.062,9,3
164,M,0.0,0.021,0,1
164,T,0.043,0.083,2,4
164,V,0.617,0.521,29,25
164,Y,0.064,0.0,3,0
167,A,0.191,0.188,9,9
167,G,0.043,0.188,2,9
167,I,0.426,0.25,20,12
167,L,0.255,0.208,12,10
167,M,0.0,0.042,0,2
167,T,0.0,0.104,0,5
167,V,0.085,0.021,4,1
