Sequence,Group,N frames,Gate RMSD mean (A),Gate RMSD SD (A),Gate RMSD early100 mean (A),Gate RMSD late100 mean (A),Gate drift100 (A),Gate slope (A/ns),Latch RMSD mean (A),Latch RMSD SD (A),Latch RMSD early100 mean (A),Latch RMSD late100 mean (A),Latch drift100 (A),Latch slope (A/ns),Lb7a5 RMSD mean (A),Lb7a5 RMSD SD (A),Lb7a5 RMSD early100 mean (A),Lb7a5 RMSD late100 mean (A),Lb7a5 drift100 (A),Lb7a5 slope (A/ns),Recoil RMSD mean (A),Recoil RMSD SD (A),Recoil RMSD early100 mean (A),Recoil RMSD late100 mean (A),Recoil drift100 (A),Recoil slope (A/ns),Whole RMSD mean (A),Whole RMSD SD (A),Whole RMSD early100 mean (A),Whole RMSD late100 mean (A),Whole drift100 (A),Whole slope (A/ns)
seq16_binder,Binder,12267,1.4992,0.4889,1.3962,1.3892,-0.0069,-0.000243,2.2382,0.5265,2.5193,2.1872,-0.3321,-0.001123,2.5035,0.6927,2.5211,2.1994,-0.3217,-0.000313,1.3199,0.3801,1.2806,1.2331,-0.0475,0.000152,1.4537,0.1854,1.3754,1.5242,0.1488,0.00027
seq14_binder,Binder,12267,2.0064,0.3691,1.8333,1.9215,0.0882,0.000143,1.6655,0.3817,1.7937,1.4533,-0.3404,-0.001037,1.2952,0.3834,1.2848,1.251,-0.0339,-0.000176,2.7923,0.2239,2.8555,2.7891,-0.0664,-0.000216,1.5827,0.1716,1.6088,1.4577,-0.1511,-0.000264
seq10_binder,Binder,12267,1.3737,0.3637,1.4907,1.4443,-0.0464,-0.000139,3.0752,0.5386,2.6132,3.0262,0.413,0.001053,2.0518,0.7026,2.0638,1.8438,-0.2199,-0.000154,1.2312,0.2772,1.0126,1.2175,0.205,0.000582,1.3917,0.1735,1.4034,1.306,-0.0975,-0.000133
seq17_binder,Binder,12267,2.3329,0.462,2.356,2.1259,-0.2301,-0.000589,2.3594,0.55,2.0541,2.6499,0.5958,0.001801,4.3497,1.089,3.4685,4.2955,0.827,0.001178,2.6025,0.5316,2.3018,2.4563,0.1545,9e-06,1.6714,0.161,1.5923,1.6714,0.0791,3e-05
seq39_binder,Binder,12267,1.6215,0.5525,1.8929,1.328,-0.5649,-0.001451,2.354,0.6424,2.0049,2.9569,0.952,0.003001,2.0184,0.6768,1.7871,2.4511,0.664,0.001638,1.4509,0.4463,1.0569,1.781,0.7241,0.002177,1.3806,0.2078,1.2104,1.5017,0.2912,0.000961
seq42_binder,Binder,12267,2.2756,0.8688,1.4199,2.7893,1.3693,0.004159,3.6917,0.9904,2.1875,4.1589,1.9715,0.005161,1.425,0.4565,1.5238,1.2953,-0.2284,-0.000843,0.8013,0.2166,0.8724,0.7636,-0.1088,-0.000342,1.4739,0.1841,1.2633,1.5366,0.2733,0.000797
pair_3069_binder,Binder,12267,2.5756,0.5726,2.1584,2.7978,0.6393,0.001726,4.4248,1.0633,2.6377,4.9449,2.3073,0.005712,4.0721,1.4127,3.3013,6.029,2.7277,0.007689,2.2666,0.9469,2.113,3.6114,1.4984,0.004318,2.1753,0.4302,1.633,2.7156,1.0825,0.002836
pair_3070_binder,Binder,12267,1.9043,0.7286,2.8544,1.7093,-1.145,-0.003133,1.5353,0.2988,1.3943,1.6324,0.2381,0.000437,2.1604,0.876,2.4793,1.879,-0.6003,-0.000119,1.5778,0.3037,1.4446,1.592,0.1473,0.00048,1.5813,0.1801,1.633,1.5633,-0.0697,1.6e-05
pair_3074_binder,Binder,12267,1.3955,0.343,1.5469,1.3024,-0.2445,-0.000663,2.325,0.4165,1.9512,2.6245,0.6734,0.001705,2.5701,1.1091,3.5639,2.5886,-0.9752,-0.002058,1.5019,0.3558,1.453,1.6689,0.2158,0.000541,2.0185,0.1435,2.0689,2.0607,-0.0083,-7.8e-05
pair_3092_binder,Binder,12267,1.4785,0.3909,1.356,1.3232,-0.0328,-0.000169,1.958,0.3946,1.458,2.1979,0.7399,0.001779,2.6236,1.1617,3.6689,2.6466,-1.0223,-0.002114,1.827,0.3489,1.6862,2.0128,0.3266,0.000789,1.493,0.1632,1.558,1.5551,-0.0029,-3.9e-05
pair_3098_binder,Binder,12267,2.2899,0.6371,1.7933,2.5834,0.79,0.001719,2.6457,0.8011,1.7344,3.2364,1.5019,0.003272,2.4098,0.769,2.3619,2.4387,0.0768,0.000918,1.7301,0.3118,1.6013,1.927,0.3257,0.001236,2.0787,0.3063,1.6561,2.3284,0.6723,0.001773
pair_3059_nb,False Positive,12267,1.5635,0.4557,1.3577,1.7708,0.4131,0.001067,4.1535,1.155,2.5554,5.3601,2.8047,0.006602,3.3119,1.0655,2.0795,4.1618,2.0823,0.004493,1.4999,0.3457,1.1743,1.5929,0.4185,0.000848,2.6863,0.7619,1.591,3.2582,1.6672,0.004794
pair_3062_binder,Binder,12267,1.0876,0.3114,1.1846,1.1222,-0.0624,4e-05,1.3144,0.2715,1.2459,1.3849,0.139,0.000341,2.2831,0.9356,1.7571,2.9484,1.1913,0.003076,1.6444,0.4162,1.273,1.8404,0.5674,0.001753,1.7952,0.2928,1.5192,1.8328,0.3137,0.000723
pair_3063_binder,Binder,12267,3.7751,1.1729,4.6849,3.8774,-0.8074,-0.002859,3.2489,0.9028,3.6143,3.7496,0.1353,-0.001227,3.0439,1.0016,3.6956,3.2655,-0.4301,-0.002343,3.8689,1.1935,2.6866,4.7518,2.0652,0.005654,4.7114,1.7903,2.5691,6.9226,4.3535,0.012543
pair_3066_binder,Binder,12267,2.5591,0.6983,2.3986,2.7046,0.306,0.000386,1.7237,0.615,2.3366,1.6654,-0.6712,-0.001743,2.6595,0.8377,2.8525,2.2119,-0.6406,-0.001697,1.5535,0.3993,1.296,1.4171,0.1211,0.000384,2.1772,0.3435,1.9135,2.1279,0.2144,0.000213
pair_3067_binder,Binder,12267,2.0322,0.6413,2.4905,1.7478,-0.7427,-0.001992,2.4128,0.6761,2.607,2.8025,0.1955,0.000262,2.2505,0.8303,2.3647,2.3191,-0.0456,-0.000347,1.4486,0.3581,1.3969,1.6063,0.2093,0.000507,2.0255,0.3303,2.2053,1.8478,-0.3576,-0.001349
pair_3068_binder,Binder,12267,1.8706,0.5997,2.2629,1.76,-0.5029,-0.001015,2.4232,0.9738,1.8888,2.2167,0.3279,-0.000303,2.5252,0.9283,2.3968,2.5548,0.158,3.6e-05,1.4363,0.3824,1.2671,1.5726,0.3055,0.000966,1.6505,0.2168,1.4286,1.8149,0.3863,0.001065
pair_3071_binder,Binder,12267,1.9063,0.7865,2.9005,1.8145,-1.086,-0.002516,1.9148,0.7828,1.1684,2.63,1.4616,0.004283,2.3596,0.6757,2.2959,2.4502,0.1543,0.000918,1.9139,0.7014,1.1713,2.5086,1.3373,0.004288,1.6114,0.206,1.7697,1.6709,-0.0988,4e-05
pair_3072_binder,Binder,12267,2.0996,0.5456,2.4299,1.9757,-0.4543,-0.001027,1.8151,0.4104,2.1448,1.8211,-0.3237,-0.00084,2.3841,0.6825,2.0822,2.2884,0.2063,0.000284,1.3954,0.258,1.3612,1.3092,-0.052,-0.000113,1.6516,0.1766,1.6683,1.6897,0.0215,8.9e-05
pair_3073_binder,Binder,12267,1.7797,0.545,1.7797,1.717,-0.0628,-0.000102,2.5727,0.7931,2.7268,2.143,-0.5838,-0.001306,2.4456,0.6933,2.4775,2.6546,0.177,0.000511,1.2356,0.3562,1.3696,1.3522,-0.0174,-1.6e-05,1.7421,0.1615,1.8125,1.7272,-0.0853,-0.000157
pair_3075_binder,Binder,12267,1.3249,0.4049,1.2894,1.4389,0.1495,0.000327,1.3927,0.3217,1.3137,1.418,0.1043,0.000232,3.749,1.4631,2.0846,3.6378,1.5532,0.005879,1.7108,0.4625,1.2497,1.6335,0.3838,0.001207,1.6521,0.1873,1.5221,1.5848,0.0627,0.000321
pair_3076_binder,Binder,12267,1.4233,0.4781,1.2815,1.5011,0.2195,0.000643,1.979,0.4446,1.5896,1.8277,0.2381,0.000578,2.1482,0.584,2.2815,1.8682,-0.4133,-0.000812,1.3236,0.3132,1.2407,1.2418,0.0011,0.000113,1.904,0.3762,1.3482,2.169,0.8208,0.00231
pair_3077_binder,Binder,12267,1.3248,0.4285,1.1466,1.4572,0.3106,0.001207,1.5498,0.4155,1.9569,1.4287,-0.5283,-0.001038,2.2925,0.8201,2.1736,2.0371,-0.1364,9.6e-05,1.5216,0.4508,1.0641,1.6414,0.5772,0.001793,1.4797,0.3217,1.1356,1.6115,0.4758,0.001577
pair_3078_binder,Binder,12267,1.8321,0.8433,3.0609,1.2934,-1.7674,-0.004666,1.4916,0.3331,1.3945,1.4107,0.0162,-0.000288,2.9624,0.9311,2.2358,3.2327,0.9969,0.002307,1.6528,0.4669,1.5234,1.5709,0.0475,-0.000628,1.5662,0.1821,1.4808,1.4961,0.0152,1.9e-05
pair_3079_binder,Binder,12267,1.2067,0.3668,1.1042,1.2887,0.1845,0.000394,3.0439,0.6875,2.1903,3.7366,1.5463,0.003656,2.4644,0.7204,1.9496,2.5202,0.5706,0.001278,1.2747,0.3065,1.3694,0.9693,-0.4,-0.000816,1.6176,0.2259,1.382,1.7226,0.3406,0.000898
pair_3080_binder,Binder,12267,2.0211,0.533,1.7498,2.0016,0.2518,0.00041,3.7715,0.8304,2.9113,4.14,1.2287,0.002847,1.7956,0.4922,1.6347,1.8929,0.2582,0.000558,1.0565,0.2566,1.1868,1.0423,-0.1445,-0.000318,1.621,0.2316,1.3987,1.8121,0.4134,0.001287
pair_3085_binder,Binder,12267,2.776,0.662,2.672,2.7062,0.0342,0.000241,1.8243,0.3625,1.9611,1.7704,-0.1906,-0.000685,3.1184,0.7412,3.175,2.8091,-0.366,-0.00102,2.4463,0.6056,2.1744,2.1849,0.0105,9e-05,2.874,0.4245,2.6253,2.7355,0.1102,0.000477
pair_3086_binder,Binder,12267,1.8119,0.4892,1.8857,1.7942,-0.0915,-0.000661,1.4739,0.2684,1.467,1.5798,0.1128,0.000172,2.3245,0.6338,2.452,2.1938,-0.2581,-0.00088,1.582,0.3304,1.5766,1.597,0.0205,0.000129,1.9253,0.2082,1.9552,1.9205,-0.0347,-0.000345
pair_3087_binder,Binder,12267,2.2016,0.7988,2.5649,2.1581,-0.4068,-0.000157,2.1405,0.4847,1.7764,2.3234,0.547,0.001809,1.989,0.8173,2.3139,1.4291,-0.8849,-0.001587,1.306,0.307,1.3571,1.1433,-0.2138,-0.000327,1.7914,0.2078,1.738,1.8886,0.1506,0.000563
pair_3088_binder,Binder,12267,1.7501,0.7237,1.2747,1.4225,0.1478,0.001281,1.8731,1.226,1.1318,3.3412,2.2095,0.004778,1.9769,0.7391,1.561,2.5614,1.0004,0.001702,1.3294,0.3194,1.5593,1.2028,-0.3565,-0.000665,1.6606,0.2904,1.554,1.7068,0.1527,0.000444
pair_3091_binder,Binder,12267,2.4071,0.6626,2.3813,2.3448,-0.0365,0.000505,2.4699,0.9206,2.7901,2.1549,-0.6352,-6.7e-05,2.5581,0.8808,2.9071,2.3762,-0.5309,-0.000496,1.1449,0.2834,1.2598,1.0754,-0.1844,-0.000757,1.908,0.1778,1.8779,1.915,0.0371,0.000338
pair_3099_binder,Binder,12267,4.0729,0.6322,4.0646,4.0693,0.0047,-0.000164,2.6497,0.5188,2.5036,2.7746,0.271,0.000719,2.9445,1.0602,3.8086,2.1391,-1.6696,-0.004382,1.8865,0.435,2.2526,1.6644,-0.5882,-0.001359,2.7039,0.2377,2.7622,2.5082,-0.254,-0.00078
pair_3100_binder,Binder,12267,2.3393,0.7522,2.7769,1.7493,-1.0276,-0.002896,1.7364,0.3527,1.8144,1.6789,-0.1355,-0.000186,2.4435,0.65,2.3738,2.6112,0.2374,0.000439,1.4364,0.2762,1.2119,1.5306,0.3187,0.000838,1.5881,0.194,1.5289,1.8052,0.2763,0.000696
pair_3101_binder,Binder,12267,1.4362,0.6142,1.8748,1.1243,-0.7505,-0.002095,2.2148,0.5398,2.0961,2.409,0.3129,0.001013,2.5846,0.7363,2.5332,2.4835,-0.0497,-0.00123,1.8027,0.4381,2.0246,1.6366,-0.388,-0.001554,1.7398,0.206,1.7701,1.6017,-0.1683,-0.000369
pair_3103_binder,Binder,12267,1.3604,0.4959,1.1351,1.3273,0.1922,0.00047,1.4641,0.4304,1.8931,1.2858,-0.6073,-0.001636,3.0446,1.2591,2.3453,4.3988,2.0536,0.00514,2.0185,0.6415,1.309,2.6512,1.3422,0.003797,1.9787,0.254,1.6968,2.1801,0.4833,0.001307
pair_3104_binder,Binder,12267,1.4291,0.5932,0.9965,1.584,0.5875,0.002085,1.7967,0.6957,1.1071,2.1911,1.084,0.003385,2.7243,0.8098,2.817,2.3873,-0.4297,-0.001518,1.3717,0.3341,1.2094,1.5658,0.3564,0.000932,1.5284,0.1719,1.6083,1.481,-0.1273,-0.000376
pair_3108_binder,Binder,12267,1.2919,0.6043,1.7934,1.2264,-0.567,-0.001751,1.8171,0.5515,1.513,1.9514,0.4383,-1.2e-05,2.5329,0.7511,2.5242,2.3029,-0.2213,0.000237,1.5188,0.3507,1.3246,1.6761,0.3515,0.000851,1.8099,0.204,1.6445,1.856,0.2116,0.000327
seq1_nb,False Positive,12267,4.7722,1.0297,3.7845,5.2965,1.5121,0.004174,1.964,0.4043,1.9985,2.0187,0.0203,-6e-05,2.0925,0.7763,2.0268,1.8504,-0.1764,-0.000424,1.4939,0.2955,1.625,1.4511,-0.1739,-0.000642,1.9657,0.2023,1.8081,2.0394,0.2313,0.00056
seq2_nb,False Positive,12267,1.9973,0.589,1.9699,1.8882,-0.0818,9.7e-05,1.8822,0.4659,1.9278,2.2136,0.2858,0.00074,3.1043,0.9298,2.7913,3.7738,0.9825,0.002765,1.9681,0.4805,1.4951,2.21,0.7149,0.002136,2.1932,0.3726,1.6358,2.429,0.7932,0.002179
seq3_nb,False Positive,12267,4.6945,1.7317,3.6407,6.2008,2.5602,0.007816,2.8839,1.2346,4.3134,2.2955,-2.0179,-0.005904,3.2428,1.256,3.9521,2.3454,-1.6067,-0.004296,1.2221,0.4144,1.1908,1.1132,-0.0776,-0.00038,2.2012,0.2356,2.2374,2.3051,0.0677,0.000229
seq4_nb,False Positive,12267,2.9934,1.2939,2.0487,4.9444,2.8957,0.006963,2.4524,0.4404,1.9547,2.7206,0.7659,0.002023,2.8344,0.7645,2.6203,2.7616,0.1413,0.000188,2.0848,0.4483,1.9603,2.2885,0.3283,0.000928,2.0963,0.2221,1.8896,2.1548,0.2651,0.000718
seq5_nb,False Positive,12267,4.7793,1.7836,2.374,5.7582,3.3842,0.010458,3.0138,0.9856,2.0264,3.948,1.9215,0.005865,2.9836,0.9293,2.6568,2.997,0.3403,0.000324,1.9867,0.5862,2.4818,1.6818,-0.7999,-0.002161,2.8149,0.5884,2.0896,3.3995,1.3098,0.003934
seq6_nb,False Positive,12267,3.0117,0.8486,2.6346,3.1589,0.5242,0.000935,1.9825,0.5786,1.6151,2.1372,0.5221,0.001174,2.2753,0.7633,2.4329,2.4234,-0.0095,-0.000271,0.9564,0.2984,0.8296,1.0421,0.2124,0.000462,1.82,0.2558,1.5738,2.0362,0.4624,0.001348
seq7_nb,False Positive,12267,5.1526,1.6561,3.8238,6.3755,2.5518,0.008104,3.2124,0.8425,2.7531,3.583,0.8299,0.001827,3.2081,0.8997,2.7549,3.7011,0.9461,0.002944,1.5574,0.601,1.011,2.271,1.2601,0.003575,2.1146,0.477,1.6316,2.6256,0.994,0.002983
pair_0052_nb,False Positive,12267,6.019,1.1111,4.8191,6.2126,1.3935,0.003396,1.4875,0.537,2.198,1.2009,-0.9971,-0.002442,1.7795,0.6819,1.8344,1.6245,-0.2099,-0.00089,1.7006,0.3208,1.6511,1.7088,0.0576,-0.0001,2.3278,0.1893,2.2622,2.2915,0.0293,7e-05
pair_0091_nb,False Positive,12267,2.2041,1.0792,1.545,2.65,1.105,0.004223,2.8873,0.9056,3.5123,2.4243,-1.088,-0.00352,3.4378,1.0667,3.4099,2.9815,-0.4284,-0.001659,1.9646,0.3355,1.8179,1.8686,0.0507,8e-05,1.9878,0.309,1.8835,2.364,0.4805,0.001321
pair_0246_nb,False Positive,12267,2.7873,0.8686,2.4843,2.6641,0.1798,-0.000224,2.7891,0.5925,2.1921,2.7473,0.5552,0.001061,2.5032,0.6896,2.1244,2.4898,0.3654,0.000714,1.8567,0.348,1.7746,1.8845,0.1098,-0.000141,2.2615,0.2229,2.0258,2.3784,0.3527,0.000711
pair_0269_nb,False Positive,12267,2.7682,0.7213,2.6376,3.3561,0.7184,0.002124,1.5261,0.3374,1.473,1.8927,0.4197,0.001013,2.17,0.9035,1.6177,2.8172,1.1995,0.003541,1.9555,0.4713,2.393,2.2112,-0.1818,-0.000124,2.3936,0.2619,2.078,2.6438,0.5658,0.001534
pair_0272_nb,False Positive,12267,2.3937,0.7223,1.7833,2.9019,1.1186,0.002895,3.4762,0.9705,2.0386,3.75,1.7114,0.004048,2.7815,0.6321,2.4802,2.737,0.2568,0.000601,1.6272,0.3075,1.4196,1.5908,0.1712,0.000545,1.8364,0.24,1.7134,1.951,0.2375,0.00069
pair_0276_nb,False Positive,12267,1.6224,0.609,1.5576,1.4604,-0.0973,-0.000441,3.3933,0.6845,2.9226,3.6211,0.6985,0.00195,2.5574,0.9447,1.7455,2.9343,1.1888,0.003362,1.3452,0.3793,1.0886,1.6301,0.5415,0.00137,1.6888,0.2003,1.469,1.7426,0.2736,0.000746
pair_0288_nb,False Positive,12267,2.1516,0.6464,1.985,1.87,-0.115,-0.000722,3.2631,0.7676,3.1902,2.8613,-0.3288,-0.001494,2.7049,1.0366,3.5858,1.7562,-1.8296,-0.004965,2.7654,1.0981,4.0082,1.9158,-2.0924,-0.006557,1.9371,0.2054,2.0025,1.7166,-0.2859,-0.000784
pair_0351_nb,False Positive,12267,3.0706,0.8895,2.6014,3.5452,0.9438,0.002446,2.7468,0.5737,2.5003,2.7074,0.2071,-0.000177,2.6995,0.8414,2.4895,2.7806,0.2911,0.000242,1.6235,0.4505,1.4976,1.98,0.4824,0.000945,2.085,0.3208,1.9091,2.5131,0.604,0.001371
pair_0502_nb,False Positive,12267,1.8536,0.6454,2.6078,1.5475,-1.0602,-0.002991,2.3899,0.7761,1.5582,2.968,1.4098,0.00342,2.3044,0.8637,2.35,1.9878,-0.3621,-0.000635,1.2818,0.289,1.2627,1.4024,0.1397,0.000303,1.9457,0.2254,1.8238,2.0292,0.2054,0.000851
pair_0506_nb,False Positive,12267,1.4286,0.5691,2.0506,1.2496,-0.801,-0.001994,2.0525,0.5709,1.7225,2.374,0.6515,0.001551,3.1533,0.8662,3.203,3.0005,-0.2025,-0.000344,1.4576,0.3363,1.5587,1.2936,-0.2651,-0.000565,1.7172,0.2978,1.7275,1.3847,-0.3428,-0.000863
pair_0647_nb,False Positive,12267,1.8256,0.5243,1.716,2.1942,0.4782,0.001551,2.5189,0.7292,2.1183,3.0226,0.9043,0.0032,2.1101,0.6119,2.5055,2.0357,-0.4698,-0.001255,1.3384,0.3309,1.5091,1.1926,-0.3165,-0.000903,1.6185,0.2188,1.6221,1.6661,0.044,0.000189
pair_0777_nb,False Positive,12267,2.8044,0.5443,2.8565,2.5418,-0.3147,-0.001083,2.0814,0.5082,1.9699,2.2901,0.3202,0.000474,1.9784,0.6976,2.2517,1.8245,-0.4272,-0.001166,1.8499,0.3634,2.0582,1.5357,-0.5225,-0.00133,1.69,0.1635,1.7007,1.6418,-0.0589,-0.000102
pair_0827_nb,False Positive,12267,1.8789,0.4803,1.8556,1.5538,-0.3018,-0.000706,2.1544,0.2808,2.0703,2.3857,0.3154,0.000704,2.2483,0.5737,2.2054,2.5275,0.3221,0.00057,1.5934,0.353,1.3999,1.8224,0.4226,0.001172,1.582,0.2254,1.3001,1.7633,0.4632,0.000976
pair_1824_nb,False Positive,12267,2.3382,0.8558,2.8978,1.8718,-1.026,-0.003337,2.0594,0.4928,2.1771,1.9556,-0.2215,-0.000675,2.3168,0.9221,1.8819,2.7281,0.8462,0.001888,1.0416,0.2364,1.0399,1.0388,-0.0011,-7.6e-05,1.4594,0.1855,1.3684,1.538,0.1696,0.00043
pair_1939_nb,False Positive,12267,2.1934,0.6184,2.5518,1.5618,-0.99,-0.001951,1.753,0.7034,1.0605,2.4227,1.3622,0.003511,2.1914,0.7911,2.2067,2.0186,-0.1881,-0.000929,1.756,0.3816,1.5064,1.6507,0.1443,0.000513,1.9485,0.2625,1.6364,2.0261,0.3897,0.001088
pair_0822_nb,False Positive,12267,1.2126,0.4281,1.3368,0.9885,-0.3483,-0.000667,1.8897,0.6598,1.5721,1.6735,0.1014,0.000303,2.1816,0.6735,1.9428,1.9674,0.0246,0.000161,1.1194,0.3018,1.0436,1.1346,0.0909,2.7e-05,1.6212,0.2581,1.3194,1.602,0.2826,0.000695
pair_0865_nb,False Positive,12267,2.2781,1.3161,1.2543,4.1712,2.9168,0.007471,1.6192,0.5268,1.102,1.9802,0.8782,0.002839,2.1033,0.701,2.25,2.4302,0.1802,0.000202,1.1712,0.4169,1.0209,1.7096,0.6887,0.00177,1.7577,0.3828,1.2451,2.1841,0.939,0.002623
pair_0867_nb,False Positive,12267,5.2125,1.667,3.5361,5.2323,1.6961,0.00469,3.2989,0.7438,2.3141,3.5719,1.2578,0.00332,2.9776,0.9329,2.7536,2.6142,-0.1394,-0.001571,1.7153,0.3947,1.8373,1.4179,-0.4194,-0.000944,2.4838,0.284,2.205,2.3916,0.1866,0.000465
pair_1860_nb,False Positive,12267,2.0185,0.6879,2.5059,1.5681,-0.9378,-0.002076,1.0976,0.2964,1.0954,1.1736,0.0782,0.000123,2.3469,0.7748,2.5262,2.8317,0.3055,0.000727,1.1909,0.3894,1.4191,1.5352,0.1161,0.000191,1.726,0.3557,1.5328,1.9336,0.4007,0.001455
pair_1965_nb,False Positive,12267,3.9732,0.7165,3.8107,4.3654,0.5546,0.001685,2.2064,0.5089,1.7681,2.7219,0.9538,0.002542,2.2045,0.7366,1.9453,2.3821,0.4368,0.000727,1.7748,0.3692,1.4591,1.9993,0.5403,0.001678,2.1409,0.2312,1.9071,2.384,0.4769,0.001172
pair_0341_nb,False Positive,12267,1.3299,0.5708,1.2946,1.6166,0.322,0.000946,3.4517,0.6586,3.3988,3.3593,-0.0396,-0.000721,2.6751,0.6044,2.5859,2.7919,0.206,0.00018,1.3451,0.3734,1.1514,1.343,0.1916,0.000301,1.8448,0.2218,1.7644,1.8572,0.0928,-8.6e-05
pair_0450_nb,False Positive,12267,3.5009,0.726,2.7698,3.4724,0.7025,0.001043,2.4589,0.3423,2.2835,2.548,0.2645,0.000502,1.8463,0.7333,2.5065,1.7555,-0.7511,-0.001872,1.5185,0.4144,1.5426,1.6238,0.0813,-0.000272,2.0996,0.2594,1.8262,2.2707,0.4445,0.001076
pair_0549_nb,False Positive,12267,2.8404,0.7941,1.8228,2.8271,1.0044,0.002547,3.291,0.8597,2.252,4.5107,2.2587,0.005422,2.136,0.849,1.6264,3.4206,1.7942,0.004374,1.7504,0.2754,1.4352,1.7876,0.3524,0.000809,1.8493,0.2934,1.6699,2.2615,0.5917,0.001473
pair_0567_nb,False Positive,12267,1.954,0.6411,2.1697,2.1544,-0.0153,9.8e-05,2.1904,0.7875,1.6772,2.1486,0.4714,0.002507,2.5826,1.2534,2.7598,2.0996,-0.6602,0.000352,1.6159,0.3433,1.5522,1.9369,0.3847,0.00111,1.7323,0.2307,1.772,1.7225,-0.0495,3.8e-05
pair_0584_nb,False Positive,12267,2.454,0.5596,2.694,2.1945,-0.4995,-0.001621,2.1952,0.7875,1.986,2.107,0.121,-8.8e-05,3.3571,1.139,3.9703,3.4902,-0.4801,-0.002094,2.0808,0.4701,2.1495,2.2101,0.0606,-6.1e-05,1.6299,0.1655,1.5934,1.635,0.0416,-0.0001
pair_0602_nb,False Positive,12267,2.3867,0.844,2.4757,1.7314,-0.7443,-0.002844,2.8278,1.0617,2.9891,2.4429,-0.5462,-0.003361,2.3617,0.7635,2.4185,2.2534,-0.165,-0.001121,1.5378,0.381,1.3503,1.5888,0.2385,0.000266,1.877,0.2639,1.684,2.0989,0.4149,0.001062
pair_0684_nb,False Positive,12267,2.0491,0.5787,1.9172,2.193,0.2759,0.00066,1.8693,0.4098,1.9288,1.8598,-0.0689,-9.8e-05,2.2133,0.7825,1.9884,2.5803,0.5919,0.001083,1.7553,0.4126,1.8327,1.6307,-0.2021,-0.000755,1.92,0.2354,1.7761,2.163,0.3869,0.001109
pair_0736_nb,False Positive,12267,1.3362,0.425,1.242,1.4436,0.2016,0.000504,1.9407,0.8941,1.5752,1.3219,-0.2532,-0.000664,2.223,0.8401,2.4773,1.8308,-0.6465,-0.001857,1.3888,0.4982,1.3592,1.161,-0.1982,-0.000142,1.8884,0.493,1.3827,2.4057,1.023,0.002796
pair_0748_nb,False Positive,12267,2.9721,0.9235,2.7197,1.8989,-0.8208,-0.001608,3.2346,0.6435,3.4878,2.6613,-0.8264,-0.001652,4.7052,0.9893,3.9998,4.904,0.9042,0.001985,2.116,0.8339,1.1162,2.6843,1.5681,0.004934,1.9842,0.2023,1.8252,1.9681,0.1429,0.000401
pair_0765_nb,False Positive,12267,2.4134,0.3734,2.5127,2.1982,-0.3145,-0.000917,1.7836,0.3954,1.6281,2.0219,0.3938,0.001026,1.9509,0.751,1.9119,2.0198,0.1079,-9e-05,1.3231,0.4727,1.7051,1.2393,-0.4658,-0.001524,1.8484,0.3001,1.4234,2.0512,0.6278,0.001664
pair_0776_nb,False Positive,12267,2.0017,0.5441,2.3252,1.8967,-0.4285,-0.00106,2.6523,0.6065,2.6903,2.7175,0.0271,0.000578,2.2813,0.6915,2.2901,2.2445,-0.0456,0.00086,1.7121,0.4862,1.6833,1.7732,0.0899,0.001006,1.9302,0.5436,1.6529,2.1104,0.4575,0.002298
pair_0782_nb,False Positive,12267,2.0186,0.8128,1.5572,2.1465,0.5893,0.002208,3.8482,1.1286,3.2563,3.6728,0.4165,4e-06,2.627,0.9839,2.841,2.2781,-0.5629,-0.001115,1.4775,0.5046,1.3835,1.3468,-0.0367,-0.000148,1.6833,0.2153,1.5305,1.6786,0.1481,0.000218
pair_0811_nb,False Positive,12267,1.8117,0.6122,1.8453,2.3676,0.5223,0.001623,2.3803,0.8544,2.7757,1.5282,-1.2475,-0.002648,2.422,0.9153,2.76,2.6167,-0.1433,0.000101,1.7777,0.5908,1.3083,2.4982,1.1899,0.003203,2.2084,0.2554,2.2521,2.0036,-0.2485,-0.00051
pair_0868_nb,False Positive,12267,1.2415,0.3015,1.3293,1.1486,-0.1808,-0.000358,1.329,0.199,1.3509,1.3411,-0.0097,5.2e-05,3.5561,0.8277,3.6121,3.6872,0.0751,0.000434,3.0604,0.4164,3.0106,3.2448,0.2342,0.00064,1.8021,0.2091,1.7868,1.898,0.1112,0.000182
pair_0876_nb,False Positive,12267,2.0167,0.7088,1.8018,2.6026,0.8008,0.001448,3.2861,1.1141,2.9549,3.4815,0.5266,0.001113,2.8677,1.1155,2.036,4.5084,2.4724,0.005827,1.2699,0.3888,0.9981,1.4531,0.455,0.001413,2.2375,0.287,1.8264,2.5191,0.6926,0.001575
pair_0878_nb,False Positive,12267,3.2905,0.6395,2.9553,3.1126,0.1572,0.000613,1.7362,0.5633,1.9105,1.6174,-0.2931,-0.001272,2.0056,0.8868,1.848,1.8906,0.0426,-0.000215,1.6897,0.3599,1.8121,1.6994,-0.1127,-0.000268,1.7459,0.2967,1.4463,2.1138,0.6675,0.001902
pair_0883_nb,False Positive,12267,3.2273,1.2869,1.8262,4.8232,2.997,0.008005,3.856,1.1963,2.0408,5.0198,2.979,0.007229,2.807,0.6214,2.7888,2.9495,0.1607,0.000958,1.811,0.5118,2.215,2.03,-0.185,-2.1e-05,1.997,0.4546,1.5503,2.6231,1.0728,0.002959
pair_0891_nb,False Positive,12267,3.0791,1.2837,4.8991,2.5683,-2.3308,-0.006619,3.3104,1.0546,2.1674,4.4396,2.2722,0.006594,2.9277,0.978,2.5838,3.8158,1.232,0.004287,1.6287,0.3683,1.5414,1.9553,0.4139,0.001227,1.9087,0.2208,1.8367,2.1178,0.2811,0.000881
pair_0908_nb,False Positive,12267,2.4377,0.299,2.519,2.4938,-0.0252,3.9e-05,3.6047,0.3498,3.6645,3.459,-0.2054,-0.00029,2.1671,0.8585,2.5467,2.2892,-0.2574,-0.000348,1.0171,0.28,1.0436,0.8915,-0.152,-0.000272,1.6986,0.1688,1.5456,1.7338,0.1882,0.000477
pair_0932_nb,False Positive,12267,1.942,0.6517,1.8975,2.2477,0.3502,0.001264,1.9496,0.5323,2.3644,1.9582,-0.4062,-0.000999,2.6383,0.9386,2.8233,2.7112,-0.1121,0.000315,1.744,0.5486,1.889,1.6984,-0.1906,-0.000491,1.7026,0.1778,1.7164,1.6963,-0.0202,4.2e-05
pair_0940_nb,False Positive,12267,1.7077,0.4595,1.8986,1.6859,-0.2128,-0.000695,2.8905,0.6101,3.0244,2.3473,-0.6771,-0.00194,2.2305,0.7648,2.4063,1.8683,-0.538,-0.001631,1.6989,0.4986,1.9735,1.4294,-0.5441,-0.001822,1.6821,0.2377,1.7512,1.5644,-0.1868,-0.000837
pair_0974_nb,False Positive,12267,3.7658,0.8231,3.6914,2.9599,-0.7315,-0.001464,2.4371,1.0751,4.1201,2.0111,-2.109,-0.005336,1.7042,0.5735,1.9897,1.6111,-0.3786,-0.001048,1.6856,0.2615,1.8033,1.5514,-0.2519,-0.000819,1.864,0.2286,1.9106,1.7481,-0.1626,-0.000131
pair_0977_nb,False Positive,12267,3.1175,0.6447,2.941,2.893,-0.048,2.2e-05,4.0596,0.8712,3.3884,3.7969,0.4085,0.0013,2.7461,0.7333,2.7549,2.387,-0.3679,-0.001186,1.8394,0.3077,1.8565,1.82,-0.0365,-3e-06,2.2786,0.1717,2.2104,2.177,-0.0335,-0.000104
pair_1011_nb,False Positive,12267,1.2902,0.3617,1.2045,1.2657,0.0612,-9.4e-05,1.2813,0.2641,1.3136,1.3487,0.0351,0.000259,2.2746,0.7287,2.0666,2.3236,0.257,0.000902,1.9661,0.4559,1.5802,2.1106,0.5304,0.001075,1.3903,0.1463,1.3039,1.3549,0.051,5.2e-05
pair_1023_nb,False Positive,12267,1.5567,0.4469,1.4516,1.7396,0.288,0.001159,3.228,0.7697,4.0998,2.7124,-1.3874,-0.003673,2.0694,0.8765,2.5318,2.1386,-0.3932,-0.000243,1.407,0.3493,1.462,1.4084,-0.0536,0.000352,1.6116,0.1758,1.6687,1.7624,0.0937,0.000289
pair_1102_nb,False Positive,12267,3.9207,1.2043,2.595,4.7174,2.1223,0.006806,3.9083,0.6582,3.4493,4.141,0.6917,0.00149,3.8951,0.9076,2.788,4.387,1.599,0.003791,1.9295,0.4135,1.6421,2.2152,0.5731,0.001222,2.3482,0.4129,1.8552,2.82,0.9648,0.00272
pair_1313_nb,False Positive,12267,1.7716,0.5428,1.985,1.5299,-0.4551,-0.001916,1.4272,0.357,1.3886,1.5496,0.161,0.00016,2.8332,1.1211,2.1105,4.0545,1.9441,0.004361,1.7311,0.389,1.5765,1.5938,0.0173,-0.000102,1.9067,0.209,1.7349,1.8826,0.1477,2.4e-05
pair_1397_nb,False Positive,12267,1.896,0.4958,1.5673,1.8929,0.3256,0.000851,1.6892,0.5396,2.2607,1.5463,-0.7144,-0.001972,1.7999,0.5666,1.8935,1.8651,-0.0284,0.000187,0.9433,0.2774,0.977,0.9003,-0.0767,-1.4e-05,1.7864,0.1965,1.5643,1.8635,0.2992,0.000812
pair_1654_nb,False Positive,12267,1.2624,0.4035,1.0377,1.3352,0.2975,0.00075,1.6783,0.3842,1.8186,1.6654,-0.1531,-0.000505,2.3865,0.7461,2.187,2.1109,-0.0762,-0.000519,1.4431,0.4014,1.2121,1.234,0.0219,-0.000157,1.4724,0.1924,1.356,1.3491,-0.0069,-9.8e-05
pair_1656_nb,False Positive,12267,1.5956,0.5202,1.7989,1.9709,0.172,-0.000118,1.6456,0.3984,1.4433,1.7463,0.303,0.000975,1.7167,0.5246,1.7907,1.7823,-0.0084,-0.000186,1.0473,0.3572,1.0545,1.3398,0.2853,0.000726,1.8366,0.1707,1.791,1.9388,0.1478,0.000448
pair_1658_nb,False Positive,12267,1.6299,0.6171,1.9983,1.5883,-0.4101,-0.001401,1.6116,0.5312,2.0431,1.1493,-0.8938,-0.00241,1.9177,0.6676,2.0028,2.2722,0.2694,0.000478,1.4728,0.5559,1.1942,2.297,1.1029,0.002639,1.4725,0.2806,1.413,1.6469,0.2339,0.000675
pair_1671_nb,False Positive,12267,2.057,0.6241,2.0104,2.3887,0.3783,0.000212,3.2105,1.1371,1.5218,3.3107,1.7889,0.004685,2.7537,1.054,3.2505,2.2343,-1.0162,-0.002899,1.2601,0.425,1.804,1.1264,-0.6776,-0.001694,1.5779,0.169,1.6546,1.4396,-0.215,-0.000588
pair_1679_nb,False Positive,12267,2.2512,0.7137,2.3533,2.3148,-0.0385,4.6e-05,3.8971,0.6576,3.6346,4.0171,0.3824,0.000852,3.2193,0.7723,3.308,3.7339,0.4258,0.001225,1.478,0.2635,1.448,1.4522,0.0041,3.2e-05,1.9705,0.1849,2.0568,1.9705,-0.0863,-0.000134
pair_1709_nb,False Positive,12267,1.2307,0.3786,1.2636,1.2917,0.0281,-4.5e-05,3.1645,1.0588,1.906,3.0908,1.1848,0.002997,2.5395,0.7665,1.9063,2.1669,0.2606,0.000479,1.2719,0.4069,1.7733,1.1288,-0.6445,-0.00163,1.8931,0.1915,1.6738,1.9878,0.3141,0.000898
pair_1710_nb,False Positive,12267,2.6108,0.6502,2.263,2.6854,0.4224,0.00075,1.7368,0.5105,1.4341,2.1923,0.7583,0.002314,2.4892,0.8549,1.9863,2.4809,0.4945,0.000221,1.473,0.3511,1.3529,1.4691,0.1162,2e-06,2.1358,0.2703,1.8796,2.1052,0.2256,0.000295
pair_1737_nb,False Positive,12267,2.0397,0.5311,1.5097,2.2676,0.758,0.002157,1.6211,0.3829,1.4325,1.5408,0.1084,0.000338,2.2425,0.8502,2.6875,2.2692,-0.4183,-0.001283,1.2073,0.2943,1.2269,1.3881,0.1612,0.000352,1.5846,0.1569,1.5182,1.6074,0.0892,0.000299
pair_1758_nb,False Positive,12267,1.9981,0.6811,2.5799,1.6302,-0.9496,-0.003045,1.6292,0.4347,1.4936,1.7422,0.2486,0.001121,2.8076,1.0853,2.5805,2.5322,-0.0483,0.000376,1.6164,0.4246,1.7193,1.8134,0.0941,0.00011,1.6275,0.3164,1.4441,2.0725,0.6283,0.001679
pair_1784_nb,False Positive,12267,2.1361,0.5326,2.093,2.4558,0.3628,0.000989,4.0521,1.745,1.787,5.6835,3.8965,0.011759,2.4941,1.0541,1.7951,3.4994,1.7043,0.005296,1.7968,0.2831,1.8619,1.7568,-0.1051,-0.00014,2.1295,0.3502,1.6915,2.5358,0.8443,0.002208
pair_1785_nb,False Positive,12267,1.7022,0.5634,1.4316,1.5328,0.1012,0.000495,1.6129,0.4247,1.6603,1.829,0.1687,0.000847,3.5396,1.3982,1.9803,3.3472,1.367,0.003289,1.7241,0.5112,1.1608,2.009,0.8482,0.001738,2.0557,0.2315,1.8249,2.0173,0.1924,0.000335
pair_1792_nb,False Positive,12267,2.8312,0.8911,2.8,2.9358,0.1359,-0.000637,2.5178,0.6224,3.0826,2.3033,-0.7793,-0.001712,2.895,0.7565,3.1142,2.8891,-0.225,-0.000114,1.6717,0.3286,1.5998,1.6085,0.0086,0.000266,2.0798,0.2092,2.014,2.3001,0.2861,0.000586
pair_1835_nb,False Positive,12267,1.4893,0.3745,1.4308,1.669,0.2382,0.000729,3.8256,0.7514,4.215,2.9537,-1.2613,-0.00293,4.5856,0.8452,4.7882,4.3546,-0.4335,-0.000928,2.2177,0.3996,2.0832,2.1837,0.1005,0.000669,2.2676,0.2108,2.1818,2.4483,0.2664,0.000615
pair_1847_nb,False Positive,12267,1.9706,0.9469,2.9067,2.6233,-0.2834,-0.001384,3.679,0.8775,2.4888,3.7952,1.3064,0.003066,3.4786,1.1246,2.3178,4.5248,2.207,0.005399,2.2361,0.5532,1.6194,2.9719,1.3525,0.003152,1.9827,0.1951,1.885,2.2182,0.3331,0.000749
pair_1914_nb,False Positive,12267,2.604,0.6455,2.199,2.9169,0.7179,0.001485,1.5374,0.3077,1.4893,1.4671,-0.0222,0.000118,2.0877,0.8136,2.0381,1.6108,-0.4273,-0.000975,1.4915,0.3984,1.4057,1.1425,-0.2632,-0.000741,1.6623,0.2129,1.6533,1.4779,-0.1754,-0.000486
pair_1922_nb,False Positive,12267,2.0739,0.4192,2.0227,1.9917,-0.031,-0.000452,2.5771,0.3052,2.6337,2.4711,-0.1626,-0.000558,2.4392,0.6495,2.621,2.5741,-0.0469,-0.000138,1.7442,0.3581,1.4804,1.947,0.4667,0.001208,1.7395,0.2918,1.8165,2.0652,0.2487,0.000561
pair_1938_nb,False Positive,12267,2.4579,0.3017,2.4019,2.5761,0.1742,0.00062,1.5762,0.2666,1.6712,1.4655,-0.2057,-0.000444,2.0666,0.7187,1.9925,2.3167,0.3242,0.000203,1.2016,0.4249,1.4505,1.1995,-0.251,-0.001081,1.5662,0.2396,1.6666,1.4989,-0.1677,-0.000701
pair_1961_nb,False Positive,12267,1.8087,0.4868,1.6735,1.9201,0.2466,0.000874,2.9814,0.9185,1.9716,3.1311,1.1595,0.003747,2.1266,0.707,2.2309,1.8789,-0.352,-0.000837,1.0925,0.2937,1.134,0.9768,-0.1571,-0.000338,2.3007,0.3038,1.969,2.6114,0.6424,0.001447
pair_0008_low_pkt,Low Confidence,12267,2.6332,0.567,2.0507,3.0714,1.0207,0.002647,2.7101,0.3358,2.6543,2.6945,0.0402,0.000164,3.0591,0.6707,2.4937,3.2153,0.7217,0.001875,2.4301,0.4499,1.9316,2.4976,0.566,0.001325,1.8863,0.2564,1.5831,2.1355,0.5523,0.001501
pair_0393_low_pkt,Low Confidence,12267,1.9547,0.4623,2.0764,2.1729,0.0965,0.000141,3.3976,0.6224,2.5117,3.9105,1.3988,0.003798,6.6113,0.5032,6.5663,6.3067,-0.2596,-0.000803,2.6766,0.3119,2.5254,2.8088,0.2834,0.001074,2.5581,0.2927,2.1967,2.7871,0.5905,0.001779
pair_0482_low_pkt,Low Confidence,12267,1.6114,0.6702,2.3123,1.4096,-0.9027,-0.001946,4.252,0.9359,3.5706,3.8677,0.2971,0.000723,3.695,1.0337,2.5457,4.742,2.1962,0.005728,1.2857,0.3026,1.4182,1.078,-0.3402,-0.000649,2.4571,0.3184,2.1259,2.5509,0.4251,0.001407
pair_0482_nb,False Positive,12267,4.2515,0.8515,4.1505,4.6,0.4495,0.001432,3.8278,0.672,3.4754,4.0169,0.5415,0.001643,3.0211,1.0196,3.6948,2.6297,-1.065,-0.002414,1.7326,0.3157,1.8037,1.8015,-0.0022,-0.000272,2.3451,0.1904,2.2751,2.3692,0.0941,0.000399
pair_1331_low_pkt,Low Confidence,12267,2.8767,1.2161,1.3246,4.0276,2.703,0.007806,6.1158,1.4788,4.3708,6.963,2.5922,0.007894,2.9941,0.8896,2.9211,3.3047,0.3836,0.001774,1.9978,0.5709,2.1618,2.2486,0.0868,0.000939,2.3273,0.2369,2.1453,2.4999,0.3546,0.001181
pair_1931_low_pkt,Low Confidence,12267,1.8732,0.511,2.29,1.7853,-0.5047,-0.00126,4.967,0.5095,5.2035,5.0526,-0.1509,-0.00017,2.3955,0.5803,2.3682,2.5775,0.2093,0.000551,1.9248,0.3622,2.0534,1.9496,-0.1038,-0.000259,1.967,0.2005,1.9132,1.9934,0.0802,0.000482
pair_0065_low_pkt,Low Confidence,12267,2.3559,0.6998,1.5771,2.5915,1.0144,0.002727,1.6684,0.474,1.5078,1.8116,0.3038,0.000779,2.5033,0.8705,2.9206,2.176,-0.7445,-0.002052,2.4421,0.7691,2.005,1.9734,-0.0316,0.00065,1.9753,0.2587,2.0192,1.8844,-0.1348,-0.000212
pair_0947_low_pkt,Low Confidence,12267,2.2869,0.6532,1.5849,2.5626,0.9776,0.002837,1.5405,0.4518,1.9648,1.2653,-0.6995,-0.001897,1.8648,0.6359,2.326,1.4837,-0.8423,-0.002189,1.4305,0.4021,1.183,1.2553,0.0724,-0.00013,1.6877,0.2178,1.556,1.673,0.1171,0.000205
pair_0948_low_pkt,Low Confidence,12267,1.7262,0.4784,1.8487,1.708,-0.1407,2e-06,3.2931,0.927,2.4603,4.3151,1.8547,0.005572,2.9976,0.8555,2.7624,3.9706,1.2082,0.003256,1.5082,0.3351,1.3782,1.6719,0.2937,0.000894,2.1543,0.3059,1.8649,2.5124,0.6475,0.001729
pair_1413_low_pkt,Low Confidence,12267,1.9584,0.706,2.103,2.1252,0.0222,0.000486,4.9623,1.1556,3.8063,5.5218,1.7155,0.005339,2.5156,0.8077,2.5949,2.543,-0.0519,0.000286,2.0613,0.4574,1.7737,2.0606,0.2869,0.000828,2.1261,0.3351,1.6816,2.3078,0.6262,0.001797
pair_0715_fail_gate,Fail Geometry,12267,2.7292,0.4652,2.6857,2.75,0.0643,2e-05,2.6776,0.6102,2.422,2.6685,0.2465,0.001018,1.7889,0.6007,1.7931,1.7471,-0.046,-0.000478,1.3204,0.3286,1.0822,1.4825,0.4003,0.000987,1.6026,0.1387,1.523,1.6771,0.1541,0.000408
pair_1094_fail_gate,Fail Geometry,12267,2.7507,1.2686,2.0222,4.2714,2.2492,0.005846,1.9432,0.4506,1.6744,2.0906,0.4162,0.0012,2.3462,0.8279,2.4935,2.3108,-0.1827,-0.001214,2.2587,0.396,2.1298,2.2584,0.1287,0.000769,1.8109,0.2833,1.5266,2.0964,0.5699,0.001362
pair_1682_fail_gate,Fail Geometry,12267,3.1172,1.2031,1.7861,4.0711,2.285,0.006596,2.1173,0.3985,2.1039,2.0191,-0.0848,-8e-06,3.4333,1.1885,3.2212,3.7152,0.494,0.00066,1.5197,0.4619,1.3352,2.0723,0.7372,0.001675,1.9251,0.3784,1.457,2.2982,0.8412,0.002392
pair_1739_fail_gate,Fail Geometry,12267,3.4622,0.616,3.4723,3.5392,0.0669,0.001045,1.8341,0.4192,2.0437,1.4823,-0.5614,-0.001478,2.5808,1.0278,2.475,2.6201,0.1451,0.000476,1.6456,0.5022,1.4322,1.6618,0.2296,0.000165,2.9201,0.3401,2.5582,3.2051,0.6469,0.001871
pair_1941_fail_gate,Fail Geometry,12267,2.6021,0.5724,2.7059,2.9363,0.2305,0.000114,1.4103,0.4115,1.1279,1.6621,0.5342,0.001642,1.9949,0.8956,1.7945,2.8734,1.0789,0.002386,1.3041,0.3196,1.0442,1.6051,0.561,0.001356,2.0898,0.1885,1.9864,2.3068,0.3203,0.0009
pair_0014_fail_gate,Fail Geometry,12267,3.934,0.9381,2.5587,4.3732,1.8144,0.004628,3.3292,1.0623,1.8057,4.4264,2.6207,0.006875,4.2031,1.2421,4.1653,4.2407,0.0754,-0.000389,2.0605,0.3091,2.1613,2.2263,0.065,0.000335,2.3895,0.2788,2.1434,2.5375,0.3941,0.001267
pair_0263_fail_gate,Fail Geometry,12267,2.3307,0.5609,2.0975,2.5125,0.415,0.000897,3.4137,0.7571,2.7757,3.5606,0.7849,0.002159,2.5123,0.7498,2.2524,2.4597,0.2073,0.000513,1.6819,0.3492,1.6783,1.511,-0.1673,-0.00059,1.7652,0.1905,1.7499,1.6925,-0.0574,-0.000332
pair_0540_fail_gate,Fail Geometry,12267,2.1618,0.3485,1.9125,2.1889,0.2764,0.000529,1.9276,0.3738,1.6195,1.9021,0.2827,0.000602,2.2657,0.6492,1.964,2.1032,0.1392,0.000565,1.9026,0.2557,1.938,1.8788,-0.0592,-5.7e-05,1.7192,0.1927,1.5105,1.6931,0.1825,0.000549
pair_0997_fail_gate,Fail Geometry,12267,1.8437,0.5877,1.7848,1.7142,-0.0706,-0.000403,2.8572,1.2652,1.1959,3.6792,2.4833,0.007389,2.1255,0.8592,2.1648,2.4697,0.3049,0.000147,1.3509,0.3166,1.358,1.3253,-0.0327,-2.9e-05,1.6968,0.1934,1.5125,1.8584,0.3459,0.000871
pair_1745_fail_gate,Fail Geometry,12267,1.482,0.5183,1.306,2.1466,0.8406,0.001996,1.2147,0.3523,1.2033,1.3315,0.1282,0.000184,2.1302,0.8055,1.8808,2.3218,0.441,0.001091,1.7024,0.3824,1.8109,1.2345,-0.5764,-0.001352,1.6005,0.1941,1.682,1.5631,-0.1189,-0.00023
bind_019_binder,Binder,12267,1.8225,0.6536,1.9437,1.4613,-0.4824,-0.001543,1.7908,0.6635,1.7255,1.9151,0.1896,0.001544,2.5287,0.7965,2.8678,2.5696,-0.2982,-0.00078,1.3536,0.3903,1.5973,1.3046,-0.2926,-0.000859,1.8533,0.217,1.742,2.0013,0.2594,0.000609
bind_020_binder,Binder,12267,1.6324,0.5566,1.6678,1.3832,-0.2847,-0.000668,3.0622,0.7181,2.798,3.1168,0.3188,0.001353,3.4437,2.1637,3.9589,6.366,2.4071,0.004395,1.5352,0.7344,1.6698,2.4322,0.7624,0.001131,2.0224,0.2732,1.9131,2.4083,0.4952,0.001326
bind_022_binder,Binder,12267,2.5479,1.319,1.6266,3.8072,2.1806,0.006014,2.175,0.6171,2.6344,1.9056,-0.7288,-0.002406,4.4421,0.9303,3.6898,4.3094,0.6196,0.001252,1.8982,0.3859,1.8245,1.9011,0.0766,7.9e-05,1.8886,0.2782,1.5612,1.9251,0.3639,0.000947
bind_034_binder,Binder,12267,1.7269,0.4696,1.4397,1.9002,0.4605,0.000961,1.1681,0.6236,2.0005,1.0203,-0.9802,-0.002328,1.9371,0.6352,2.1752,1.8427,-0.3325,-0.001088,1.5267,0.3128,1.7185,1.6247,-0.0938,-0.000129,1.3313,0.1571,1.3578,1.3447,-0.0131,-0.00016
bind_041_binder,Binder,12267,1.5344,0.7877,2.5849,1.1061,-1.4788,-0.003445,2.665,0.838,2.3629,2.5085,0.1456,3.3e-05,2.3156,1.0036,2.4165,2.0983,-0.3182,-0.000666,1.2566,0.4823,1.8385,1.0032,-0.8353,-0.00174,2.0234,0.2086,2.1612,1.9497,-0.2115,-0.000629
bind_043_binder,Binder,12267,1.3704,0.4514,1.0634,1.4625,0.399,0.001054,1.2309,0.298,1.1988,1.1445,-0.0543,-0.000259,3.554,1.8415,1.8707,5.2687,3.398,0.010715,2.0271,0.4002,1.4867,2.1953,0.7087,0.00193,1.7278,0.3303,1.2936,2.0834,0.7897,0.00211
bind_069_binder,Binder,12267,1.5788,0.5285,1.3598,1.7349,0.3751,0.001304,2.4077,0.7203,1.9069,2.7926,0.8857,0.002419,3.0829,0.893,2.4643,3.4847,1.0204,0.003248,2.4529,0.2845,2.4243,2.5231,0.0988,0.000204,1.83,0.2281,1.6731,1.8517,0.1786,0.000681
bind_076_binder,Binder,12267,2.5479,0.8453,3.8555,2.0707,-1.7848,-0.004195,3.1476,0.819,3.4559,2.5544,-0.9016,-0.00123,2.158,0.5967,1.8557,2.2104,0.3547,0.001101,1.2804,0.2732,1.102,1.3454,0.2434,0.000634,1.7653,0.1649,1.7047,1.7876,0.0829,0.000443
bind_080_binder,Binder,12267,1.5061,0.3774,1.4897,1.6152,0.1255,0.000276,1.6382,0.4226,1.5016,1.9669,0.4652,0.001111,5.1234,1.3904,4.1321,6.3547,2.2226,0.005708,2.5043,0.4828,2.3824,2.7196,0.3372,0.000993,1.8349,0.2101,1.6422,1.9277,0.2855,0.00079
bind_083_binder,Binder,12267,1.6332,0.6579,1.8825,1.2528,-0.6297,-0.001157,2.1846,1.1323,1.5966,1.7417,0.1451,0.002294,2.057,0.6415,2.0771,2.0272,-0.0499,0.000254,1.6146,0.3878,1.5954,1.6753,0.0799,0.000288,1.4213,0.2031,1.3063,1.4954,0.1892,0.000727
bind_088_binder,Binder,12267,2.5273,0.7336,3.0713,1.6073,-1.4641,-0.003395,3.4426,0.8976,3.0927,2.5099,-0.5828,-0.000526,2.6473,0.6808,2.3614,3.1491,0.7877,0.002197,1.5866,0.4242,1.8818,1.2776,-0.6042,-0.001746,1.7341,0.3576,2.132,1.3595,-0.7724,-0.002219
bind_099_binder,Binder,12267,1.8172,0.529,2.0714,1.8983,-0.1731,-0.000225,1.2593,0.3137,1.3054,1.26,-0.0454,0.000251,2.0247,1.0344,1.8801,2.1489,0.2687,0.001814,1.5075,0.2944,1.5485,1.4595,-0.0891,-0.000175,1.4288,0.1761,1.5762,1.4347,-0.1416,-0.000216
bind_100_binder,Binder,12267,2.5434,1.1246,2.3882,3.8914,1.5032,0.004806,1.8092,0.7255,2.8388,1.7595,-1.0793,-0.00221,1.7217,0.7222,2.0003,1.8616,-0.1387,-0.0003,1.9149,0.4833,1.6082,2.1557,0.5474,0.001605,1.7967,0.3747,1.6168,2.3368,0.72,0.002052
bind_101_binder,Binder,12267,2.1367,0.6997,1.9777,2.6691,0.6914,0.001864,2.3717,0.8415,1.9961,1.767,-0.2291,-0.001684,2.5214,0.7581,2.2522,2.8519,0.5998,0.001537,1.1412,0.2536,1.1495,1.2147,0.0651,0.00032,1.6962,0.3323,1.3401,1.9768,0.6367,0.001986
bind_102_binder,Binder,12267,6.1823,1.6469,6.0243,4.6593,-1.3649,-0.003614,3.1508,0.5006,3.0605,3.0063,-0.0542,-8.5e-05,3.158,0.9778,2.8083,3.7305,0.9223,0.002052,2.24,0.2913,2.1348,2.4169,0.2822,0.000852,2.381,0.2325,2.2887,2.3709,0.0821,0.000299
bind_110_binder,Binder,12267,2.0861,0.6784,2.128,2.3465,0.2186,0.00053,2.2866,0.4756,2.0447,2.2637,0.219,0.000917,1.8551,0.7633,1.7084,2.0759,0.3675,0.001339,1.3011,0.3806,1.0779,1.5522,0.4743,0.001132,1.9203,0.2533,1.6704,2.1414,0.471,0.00148
pair_3061_binder,Binder,12267,1.389,0.4589,1.682,1.1622,-0.5198,-0.001708,2.3145,0.3804,2.1069,2.3512,0.2443,0.000498,2.2362,0.8452,1.521,2.8153,1.2942,0.003641,1.3041,0.3614,1.0286,1.6356,0.607,0.001461,1.8907,0.4162,1.4225,2.3602,0.9377,0.002835
nonb_006_nb,False Positive,12267,1.7458,0.6908,1.6043,1.7272,0.1229,0.000723,1.7645,0.4707,1.6068,2.1326,0.5258,0.001101,2.666,0.751,2.6338,2.9207,0.2869,-0.000142,1.915,0.4071,1.9129,2.0694,0.1566,-0.000114,1.8686,0.2714,1.7846,2.1197,0.3351,0.000773
nonb_008_nb,False Positive,12267,1.5826,0.4379,1.4698,1.7789,0.3092,0.000927,1.2672,0.3446,1.1146,1.4143,0.2996,0.000879,1.5792,0.5456,1.4577,1.8456,0.3879,0.001038,1.0512,0.399,0.9514,1.5439,0.5925,0.001506,1.3184,0.1683,1.2982,1.5034,0.2052,0.00059
nonb_009_nb,False Positive,12267,3.5504,0.6896,3.0361,3.7572,0.7211,0.002464,2.8166,0.6301,2.454,2.812,0.3581,0.001261,3.3338,0.9367,2.7107,3.6913,0.9805,0.0022,2.172,0.4071,1.9162,2.4784,0.5622,0.001713,1.966,0.2481,1.7683,2.0032,0.2349,0.000808
nonb_010_nb,False Positive,12267,1.4845,0.4453,1.6913,1.2582,-0.4332,-0.001118,2.4354,0.6915,2.4666,2.0639,-0.4027,-0.002066,2.9449,0.5483,2.4806,3.1745,0.694,0.001752,2.0699,0.3588,1.9962,2.1848,0.1886,0.000991,2.1418,0.3528,1.6563,2.3765,0.7202,0.002002
nonb_011_nb,False Positive,12267,2.0211,0.6598,2.3942,1.7912,-0.603,-0.001701,2.9339,1.1869,1.9103,4.2886,2.3783,0.007071,2.3505,1.0756,1.8591,3.159,1.2999,0.004083,1.7182,0.4337,1.8607,1.9605,0.0998,0.000567,1.5828,0.2647,1.4628,1.8501,0.3873,0.001263
nonb_013_nb,False Positive,12267,2.3697,0.5341,2.8061,2.2258,-0.5803,-0.001738,3.4819,0.4748,3.5052,3.6628,0.1576,0.000933,3.2883,1.0133,2.491,4.0561,1.5651,0.005044,2.5891,0.6159,1.8407,2.9407,1.1001,0.003176,2.1652,0.1844,2.0191,2.2941,0.275,0.000914
nonb_014_nb,False Positive,12267,3.0501,0.6595,2.6637,3.3096,0.6459,0.001416,1.7692,0.3361,1.9242,1.5156,-0.4086,-0.001237,2.7053,0.9116,2.6083,2.8318,0.2235,0.001113,1.5353,0.3492,1.3641,1.6429,0.2789,0.000582,1.6075,0.2383,1.6029,1.5723,-0.0306,-0.000191
nonb_017_nb,False Positive,12267,1.3892,0.3982,1.2409,1.3988,0.1578,0.000191,2.4134,0.4715,2.2564,2.5594,0.303,0.000239,2.5479,0.7974,2.8658,2.5587,-0.3071,-0.000112,1.5697,0.389,1.8873,1.3695,-0.5178,-0.001091,1.6532,0.2389,1.5848,1.8716,0.2868,0.000852
nonb_018_nb,False Positive,12267,2.1169,1.1536,1.8913,1.0752,-0.8161,-0.002426,2.0129,0.4967,1.7165,2.3048,0.5883,0.001309,2.6367,0.888,2.7282,2.4071,-0.3211,-0.001176,1.3376,0.3147,1.2501,1.4904,0.2403,0.000436,1.5787,0.1792,1.5799,1.4592,-0.1208,-0.000459
nonb_019_nb,False Positive,12267,2.8005,0.5283,3.0405,2.5706,-0.4698,-0.001246,2.3122,0.4911,2.7802,2.1181,-0.6621,-0.001754,1.7833,0.5264,2.0418,1.7299,-0.3119,-0.000864,1.2726,0.3125,1.4971,1.1993,-0.2978,-0.000671,2.2951,0.2539,2.0329,2.3786,0.3457,0.000769
nonb_021_nb,False Positive,12267,1.7804,0.8306,1.8212,2.4873,0.6661,0.001706,1.8505,0.4984,1.9706,1.6918,-0.2788,-0.00102,2.5413,1.0918,3.3537,2.8625,-0.4912,-0.001128,1.3893,0.3587,1.4124,1.5247,0.1123,3.1e-05,1.5522,0.2098,1.5941,1.7507,0.1566,0.000295
nonb_022_nb,False Positive,12267,2.2781,1.1035,1.4154,2.7344,1.319,0.003868,2.1434,0.9594,1.0035,2.921,1.9175,0.005966,2.9242,1.0047,3.2078,3.277,0.0692,0.000471,1.7178,0.4754,1.9238,1.582,-0.3418,-0.000737,2.0643,0.3417,1.6176,2.1656,0.548,0.001314
nonb_023_nb,False Positive,12267,2.8697,0.6063,2.472,3.0067,0.5347,0.001497,3.4092,0.633,2.6918,3.6211,0.9293,0.002345,2.616,1.0056,2.6289,2.4929,-0.1359,-0.001109,1.4288,0.3157,1.6852,1.3516,-0.3336,-0.000723,1.7236,0.1725,1.7144,1.8355,0.1211,0.000241
nonb_024_nb,False Positive,12267,1.1521,0.3165,1.2895,1.0703,-0.2192,-0.000457,3.739,0.9248,2.6186,4.4859,1.8673,0.00519,3.4982,1.2111,2.3007,4.2011,1.9004,0.003963,1.6301,0.4656,1.1019,1.863,0.7611,0.001877,1.825,0.2733,1.4742,2.0518,0.5776,0.001327
nonb_025_nb,False Positive,12267,6.891,0.9868,6.424,6.0854,-0.3386,-0.001688,3.9343,0.8038,3.2764,4.9963,1.7199,0.003947,3.6924,0.6209,3.2234,3.6506,0.4272,0.000619,2.9174,0.519,2.4709,3.0146,0.5437,0.000844,3.0428,0.2743,2.8641,3.1396,0.2755,0.000633
nonb_026_nb,False Positive,12267,2.0576,0.7659,2.3689,1.3911,-0.9778,-0.002256,2.7658,0.5882,2.8011,2.9139,0.1129,0.000828,3.6326,0.923,3.5216,4.0847,0.5631,0.001216,1.9051,0.3939,1.6638,2.2331,0.5693,0.001643,2.4247,0.2644,2.0388,2.5754,0.5366,0.001322
nonb_029_nb,False Positive,12267,1.8762,0.5826,2.0722,1.9018,-0.1704,-0.000354,3.1218,0.5073,3.2064,3.1941,-0.0123,-3.3e-05,2.3584,0.8191,2.1683,2.3591,0.1907,4.3e-05,1.757,0.4031,1.7042,1.6767,-0.0275,-0.000152,1.7563,0.1699,1.7367,1.6816,-0.0551,-7.1e-05
nonb_032_nb,False Positive,12267,3.4858,0.6469,3.2193,3.5941,0.3748,0.000883,3.3172,1.0746,1.6788,3.4795,1.8007,0.004829,2.0694,0.7803,1.5774,2.319,0.7416,0.001665,1.8616,0.4041,1.8104,1.7232,-0.0872,-0.000517,2.2747,0.3851,1.8256,2.709,0.8833,0.002316
nonb_046_nb,False Positive,12267,2.0334,0.7143,1.61,2.5596,0.9496,0.001938,1.9308,1.0065,1.3203,3.5092,2.1889,0.004963,2.2623,0.8626,2.2071,2.9002,0.6931,0.001555,1.7594,0.5865,1.5585,2.2893,0.7309,0.001795,1.9102,0.3833,1.4859,2.2246,0.7387,0.001966
nonb_047_nb,False Positive,12267,3.1823,1.1149,1.6852,3.4949,1.8097,0.004918,1.5648,0.6928,1.2181,1.7924,0.5743,0.002339,2.2713,0.7826,2.6063,2.652,0.0456,0.000121,1.7388,0.3605,1.714,1.7815,0.0676,0.000361,1.6565,0.2061,1.7373,1.8194,0.0821,0.00036
nonb_048_nb,False Positive,12267,3.989,1.8073,2.2097,5.7591,3.5494,0.010515,2.9927,0.6814,2.8236,2.6282,-0.1955,-0.000538,3.3032,1.0348,2.9192,2.8028,-0.1164,-0.000685,1.8167,0.3338,1.6595,1.6208,-0.0387,-0.000228,2.294,0.299,2.0273,2.5915,0.5641,0.001762
nonb_049_nb,False Positive,12267,2.4075,0.7149,1.5489,2.7469,1.1981,0.003383,1.9117,0.3102,1.7148,1.9256,0.2107,0.000533,2.3852,0.594,2.51,2.2716,-0.2384,-0.000811,1.7292,0.3501,1.5383,1.6363,0.098,0.000206,1.776,0.1782,1.7263,1.8771,0.1509,0.000385
nonb_050_nb,False Positive,12267,4.887,0.948,4.3185,5.5011,1.1826,0.002431,2.5334,0.4909,1.8977,2.9001,1.0024,0.002407,2.7264,0.5898,2.2691,2.8799,0.6108,0.001326,1.8348,0.4606,1.5239,2.0096,0.4857,0.001321,2.3016,0.254,2.02,2.5099,0.4899,0.001132
nonb_051_nb,False Positive,12267,1.7543,0.5027,1.3519,1.9582,0.6063,0.001721,2.3173,0.5989,2.106,2.8521,0.7461,0.001691,2.9599,1.0073,2.2129,2.9335,0.7206,0.002979,2.0268,0.5649,1.7001,1.6868,-0.0133,0.000492,1.9074,0.5435,1.4216,2.6722,1.2506,0.003617
nonb_052_nb,False Positive,12267,1.217,0.436,1.6298,1.1329,-0.4969,-0.000919,2.4074,0.4118,2.0798,2.5493,0.4696,0.001001,3.8751,1.4277,2.8768,5.8777,3.0009,0.008212,1.6928,0.3728,1.4969,1.8603,0.3634,0.001174,2.0609,0.2241,1.8123,2.2687,0.4564,0.001146
nonb_053_nb,False Positive,12267,1.4105,0.3735,1.4248,1.5033,0.0785,0.000127,2.5262,0.8656,3.1955,2.1818,-1.0136,-0.002939,2.5161,1.4652,2.5419,1.5854,-0.9565,-0.005046,1.2772,0.4399,1.2428,0.9626,-0.2802,-0.001341,1.8029,0.319,1.6865,2.1825,0.4959,0.000987
nonb_054_nb,False Positive,12267,2.7178,0.4674,3.3137,2.5833,-0.7304,-0.001823,3.1331,0.4603,3.362,3.2133,-0.1487,-0.000127,4.4048,1.0952,3.1343,4.6127,1.4784,0.0041,2.2215,0.3996,2.103,2.093,-0.0099,0.000303,2.2831,0.1736,2.2005,2.2495,0.049,2.4e-05
nonb_056_nb,False Positive,12267,2.7763,0.9906,3.3418,2.9941,-0.3477,-0.001445,3.8618,1.2589,4.8826,3.3521,-1.5305,-0.005774,2.8091,1.0465,2.9474,2.529,-0.4184,-0.002209,1.6355,0.3265,1.4584,1.7409,0.2824,0.000367,1.8439,0.3594,1.8339,2.2894,0.4555,0.000832
nonb_066_nb,False Positive,12267,2.066,0.5597,2.3457,1.6495,-0.6962,-0.002169,1.9583,0.5819,2.6213,1.5947,-1.0266,-0.003,2.1554,0.7669,2.1168,2.3181,0.2014,0.000229,1.2826,0.3335,1.3365,1.3581,0.0216,-0.000234,1.7503,0.1872,1.6474,1.7824,0.135,3.5e-05
nonb_067_nb,False Positive,12267,1.8804,0.5618,1.6714,1.6746,0.0032,-0.000319,3.5018,0.7339,2.9006,4.3927,1.4921,0.00404,2.6517,0.8453,2.2885,3.2223,0.9338,0.00304,1.7966,0.4542,1.4326,1.9225,0.4899,0.001657,1.7575,0.2618,1.5267,2.0482,0.5216,0.001564
nonb_068_nb,False Positive,12267,1.8793,0.5701,2.0271,1.9831,-0.044,0.000348,3.527,1.2108,1.6978,4.4249,2.727,0.007426,4.8467,0.9749,4.0046,5.3482,1.3436,0.003855,2.6526,0.4939,2.3386,2.7421,0.4036,0.000913,2.2073,0.3498,1.8578,2.6351,0.7773,0.002282
nonb_071_nb,False Positive,12267,1.4585,0.4531,1.4083,1.5502,0.1419,0.000133,2.346,1.0381,2.7583,1.8303,-0.928,-0.004024,4.1865,1.1941,3.4396,4.943,1.5035,0.003579,2.8357,0.6634,2.2289,3.1378,0.9089,0.002224,2.0693,0.4603,1.7381,2.6989,0.9609,0.002822
nonb_072_nb,False Positive,12267,3.0693,0.5723,2.9502,3.4754,0.5252,0.001407,3.5566,0.6042,3.6248,4.05,0.4253,0.001116,3.0375,0.6909,2.7151,3.6862,0.9711,0.002306,1.4501,0.3576,1.3281,1.5627,0.2347,0.000685,1.6365,0.2061,1.6111,1.8406,0.2295,0.000637
nonb_073_nb,False Positive,12267,3.5566,0.6689,3.4673,4.1056,0.6383,0.001521,2.4941,0.8682,1.5234,3.3188,1.7954,0.004655,2.4238,0.8774,2.3296,2.3156,-0.014,0.000148,1.3281,0.3292,1.1625,1.3339,0.1713,0.000175,1.8264,0.2604,1.5893,1.9134,0.324,0.000553
nonb_074_nb,False Positive,12267,3.4799,0.5059,3.1925,3.5355,0.343,0.000776,1.9987,0.3511,1.9693,2.0385,0.0692,0.000534,3.3079,1.1093,2.9644,3.5464,0.582,0.001214,1.7714,0.4479,1.9411,1.8258,-0.1153,0.000185,2.4493,0.2637,2.2989,2.7692,0.4704,0.001312
nonb_075_nb,False Positive,12267,2.9064,0.9713,2.7153,3.2494,0.534,0.002857,2.2548,0.6373,1.729,2.2934,0.5644,0.001845,2.8524,1.1285,1.9095,4.0598,2.1503,0.005992,2.0689,0.5584,1.6497,2.7842,1.1344,0.003054,1.7546,0.3585,1.4268,2.1436,0.7169,0.002259
nonb_080_nb,False Positive,12267,3.5238,0.8892,3.2181,3.3496,0.1314,0.000134,1.95,0.3917,1.7397,1.9447,0.205,0.000549,2.3608,0.8379,2.2533,2.3803,0.127,0.000295,2.1501,0.5291,2.252,2.0326,-0.2194,-0.000588,2.1011,0.2461,1.9627,2.1228,0.1601,0.000434
nonb_081_nb,False Positive,12267,2.1884,0.4279,2.1938,2.1322,-0.0616,-0.000282,1.582,0.2985,1.7133,1.4328,-0.2805,-0.000691,2.4482,1.4301,1.7747,1.9561,0.1814,0.003131,1.5828,0.4979,1.5054,1.4276,-0.0778,0.000696,1.6405,0.2175,1.5719,1.5565,-0.0155,0.000284
nonb_082_nb,False Positive,12267,2.1897,0.6054,2.3283,1.6225,-0.7058,-0.002126,1.4793,0.3752,1.5612,1.5134,-0.0479,4.1e-05,2.6177,0.7957,2.7273,2.1781,-0.5492,-0.001346,2.2737,0.2728,2.2946,2.3838,0.0892,0.000283,1.8026,0.2331,1.9918,1.5911,-0.4007,-0.000801
nonb_085_nb,False Positive,12267,2.9617,2.084,1.4444,5.9903,4.5459,0.01305,3.2993,1.1669,3.2248,2.7551,-0.4697,0.000439,4.1532,1.163,4.2982,2.9658,-1.3324,-0.003419,1.7003,0.3183,1.6609,1.7071,0.0463,0.000428,2.7167,0.3368,2.4322,2.6957,0.2635,0.000949
nonb_086_nb,False Positive,12267,2.5325,0.5788,2.0665,2.6571,0.5906,0.001498,1.9904,0.4166,1.6769,2.0653,0.3884,0.000868,2.2444,0.5989,2.0805,2.3358,0.2553,0.000547,1.0702,0.3538,1.3345,0.8917,-0.4428,-0.001275,1.5864,0.2335,1.3268,1.6257,0.2989,0.000463
nonb_087_nb,False Positive,12267,2.5335,0.4355,2.0639,2.6886,0.6246,0.00151,3.2671,0.7511,2.2077,3.6699,1.4623,0.003846,4.5977,0.949,3.6573,5.2029,1.5456,0.004686,1.1913,0.2887,1.1295,1.3047,0.1753,0.00036,2.0268,0.3009,1.6972,2.0094,0.3121,0.00072
nonb_088_nb,False Positive,12267,3.7654,0.5763,3.9431,3.5558,-0.3873,-0.001185,2.1202,0.3652,1.9627,1.9844,0.0217,9.1e-05,2.4909,0.6539,2.0849,2.1106,0.0257,2.9e-05,2.1781,0.4481,1.6759,2.2887,0.6128,0.001817,1.9656,0.2553,1.6933,2.0702,0.3769,0.001213
nonb_089_nb,False Positive,12267,4.9084,1.3119,3.9561,6.2044,2.2483,0.007189,2.2683,0.6017,1.8646,2.6892,0.8247,0.002285,3.9645,1.8914,2.605,6.4855,3.8805,0.010992,2.4751,0.8717,1.5911,3.3117,1.7206,0.005202,2.336,0.6734,1.6826,3.1971,1.5144,0.004574
nonb_115_nb,False Positive,12267,2.2364,0.6048,2.6413,2.139,-0.5023,-0.001134,3.3207,0.9012,3.5971,4.0848,0.4878,0.000968,4.9465,1.4213,3.3603,6.1767,2.8164,0.008096,1.7967,0.371,1.4567,1.9976,0.541,0.00123,1.975,0.2112,1.7554,2.103,0.3476,0.000781
nonb_116_nb,False Positive,12267,2.3783,0.5899,2.3623,2.4517,0.0894,-7.9e-05,3.3969,1.1443,1.977,3.2901,1.3131,0.003447,3.9187,1.1059,2.6704,4.2992,1.6288,0.00405,4.3553,0.9904,2.8027,4.9039,2.1012,0.005371,2.5964,0.576,1.7785,3.1958,1.4172,0.003972
nonb_117_nb,False Positive,12267,2.0744,0.5714,1.8637,2.4936,0.6298,0.001858,2.4526,0.6405,1.8582,2.9055,1.0473,0.00276,2.6798,0.8206,2.3075,2.5775,0.2701,-0.000122,1.8378,0.3795,1.6617,1.8456,0.1838,8e-05,2.0087,0.2264,1.8412,2.2099,0.3687,0.000725
