Sequence,Group,Gate (r84-90) mean (A),Gate (r84-90) SD (A),Latch (r114-118) mean (A),Latch (r114-118) SD (A),Lb7a5 (r148-155) mean (A),Lb7a5 (r148-155) SD (A),C-term helix (r154-166) mean (A),C-term helix (r154-166) SD (A)
seq16_binder,Binder,0.31071,0.05224,0.3432,0.06335,0.684,0.07312,0.42962,0.13546
seq14_binder,Binder,0.28114,0.05419,0.268,0.03624,0.33987,0.05581,0.33808,0.05499
seq10_binder,Binder,1.0638,0.47754,0.28614,0.0553,0.3176,0.055,0.495,0.10426
seq17_binder,Binder,0.29129,0.04837,0.3216,0.06426,0.95362,0.25503,0.42208,0.146
seq39_binder,Binder,0.366,0.05587,0.559,0.16018,0.68413,0.13126,0.60885,0.14027
seq42_binder,Binder,0.305,0.05492,0.8116,0.40739,0.54563,0.10869,0.33,0.05792
pair_3069_binder,Binder,0.37043,0.08798,0.317,0.03456,1.01238,0.3012,0.52131,0.13715
pair_3070_binder,Binder,0.31829,0.04939,0.4026,0.11465,0.85125,0.12535,0.49954,0.1552
pair_3074_binder,Binder,0.33186,0.06673,0.3328,0.06545,1.29238,0.26089,0.32408,0.06393
pair_3092_binder,Binder,0.33371,0.0508,0.389,0.06417,0.86088,0.13512,0.57915,0.20629
pair_3098_binder,Binder,0.35357,0.06343,0.4556,0.08411,0.61638,0.13045,0.76723,0.36674
pair_3059_nb,False Positive,0.396,0.08626,0.619,0.15287,0.67488,0.13836,0.63831,0.17714
pair_3062_binder,Binder,0.28986,0.03864,0.3612,0.0917,0.66912,0.11481,0.54246,0.10802
pair_3063_binder,Binder,0.35171,0.06673,0.4992,0.12501,0.70488,0.16951,0.61946,0.14862
pair_3066_binder,Binder,0.29957,0.05251,0.4664,0.05498,0.86475,0.13613,0.47108,0.10452
pair_3067_binder,Binder,0.47586,0.13031,0.4878,0.06738,0.7135,0.12711,0.45485,0.09699
pair_3068_binder,Binder,0.37529,0.08904,0.3828,0.10351,0.69637,0.14301,0.44869,0.14467
pair_3071_binder,Binder,0.34414,0.05848,0.5026,0.1615,0.65237,0.10227,0.33423,0.06716
pair_3072_binder,Binder,0.31814,0.05125,0.4138,0.08443,0.706,0.1357,0.36554,0.07351
pair_3073_binder,Binder,0.30314,0.05323,0.4434,0.11309,0.68675,0.0745,0.37623,0.08352
pair_3075_binder,Binder,0.30314,0.04625,0.3622,0.0664,1.35575,0.13755,0.53131,0.15019
pair_3076_binder,Binder,0.33586,0.06593,0.4664,0.12923,0.70175,0.11586,0.46515,0.11139
pair_3077_binder,Binder,0.30529,0.03823,0.476,0.11642,0.78137,0.21016,0.48377,0.13814
pair_3078_binder,Binder,0.33243,0.07332,0.3214,0.04172,0.9145,0.23187,0.43323,0.09625
pair_3079_binder,Binder,0.35086,0.05895,0.79,0.34194,0.65363,0.11897,0.51685,0.10608
pair_3080_binder,Binder,0.34743,0.07984,0.347,0.04027,0.59488,0.11121,0.37208,0.09273
pair_3085_binder,Binder,0.29571,0.03593,0.318,0.08841,0.636,0.12348,0.41223,0.11365
pair_3086_binder,Binder,0.27471,0.04982,0.3078,0.06298,0.50538,0.10531,0.55,0.12523
pair_3087_binder,Binder,0.39257,0.08701,0.5084,0.05085,0.513,0.09422,0.57254,0.1207
pair_3088_binder,Binder,0.33643,0.04441,0.4,0.0504,0.72437,0.16974,0.60885,0.15213
pair_3091_binder,Binder,0.32457,0.05836,0.3362,0.04166,0.85687,0.15978,0.48862,0.12882
pair_3099_binder,Binder,0.37671,0.08424,0.319,0.07898,0.90175,0.12498,0.73908,0.22951
pair_3100_binder,Binder,0.57314,0.19099,0.5668,0.14854,0.78112,0.12099,0.55692,0.20463
pair_3101_binder,Binder,0.33243,0.07467,0.3784,0.08214,0.7335,0.13788,0.40715,0.09614
pair_3103_binder,Binder,0.305,0.05608,0.3738,0.06842,0.747,0.15152,0.42431,0.10391
pair_3104_binder,Binder,0.31,0.04386,0.5218,0.22661,0.84062,0.14378,0.47523,0.12086
pair_3108_binder,Binder,0.31043,0.05371,0.6236,0.11464,0.7925,0.12645,0.44346,0.09847
seq1_nb,False Positive,0.61071,0.22217,0.4246,0.11621,0.51638,0.10269,0.66269,0.21164
seq2_nb,False Positive,0.38457,0.08579,0.4572,0.04,0.82988,0.14651,0.43823,0.12483
seq3_nb,False Positive,1.19643,0.31299,0.7588,0.18661,0.8235,0.16081,0.53808,0.11175
seq4_nb,False Positive,0.71029,0.09739,0.3858,0.11782,0.84075,0.13118,0.53146,0.13219
seq5_nb,False Positive,0.71629,0.11687,0.631,0.20707,0.75113,0.16643,0.63038,0.18318
seq6_nb,False Positive,0.40614,0.07973,0.4606,0.04702,0.6045,0.11051,0.34,0.06467
seq7_nb,False Positive,0.98914,0.40224,0.4444,0.05603,0.66625,0.12672,0.63554,0.13721
pair_0052_nb,False Positive,0.55014,0.17861,0.5044,0.06193,0.58213,0.10636,0.42031,0.12124
pair_0091_nb,False Positive,0.41571,0.09219,0.605,0.15958,0.5955,0.09346,0.54015,0.12363
pair_0246_nb,False Positive,0.64543,0.17278,0.4126,0.07384,0.69637,0.13013,0.53792,0.18854
pair_0269_nb,False Positive,0.31329,0.0465,0.401,0.1379,0.59125,0.12177,0.57692,0.2518
pair_0272_nb,False Positive,0.30514,0.06323,0.3484,0.06231,0.47788,0.10213,0.51008,0.12978
pair_0276_nb,False Positive,0.397,0.07729,0.9662,0.49523,0.612,0.11681,0.544,0.18189
pair_0288_nb,False Positive,0.47371,0.12566,0.4086,0.10005,0.65275,0.15653,0.95315,0.25774
pair_0351_nb,False Positive,0.62786,0.12888,0.4166,0.14979,0.82925,0.13779,0.62792,0.16362
pair_0502_nb,False Positive,0.28771,0.06074,0.3064,0.05571,0.705,0.12244,0.50562,0.15774
pair_0506_nb,False Positive,0.36471,0.07036,0.3812,0.08727,0.73012,0.10966,0.51354,0.12808
pair_0647_nb,False Positive,0.31414,0.05155,1.0332,0.47722,0.6665,0.11088,0.38877,0.09122
pair_0777_nb,False Positive,0.46957,0.12687,0.3388,0.09052,0.525,0.09737,0.52362,0.22236
pair_0827_nb,False Positive,0.30557,0.05407,0.2386,0.03388,0.50487,0.08295,0.45146,0.15545
pair_1824_nb,False Positive,0.59743,0.0707,0.387,0.06487,0.71425,0.14304,0.39885,0.08542
pair_1939_nb,False Positive,0.31486,0.05445,0.4036,0.08471,0.73725,0.16083,0.53608,0.11316
pair_0822_nb,False Positive,0.34414,0.05552,0.3964,0.0484,0.75438,0.19125,0.46315,0.08271
pair_0865_nb,False Positive,0.66671,0.15843,0.4396,0.14516,0.71437,0.10401,0.39738,0.09291
pair_0867_nb,False Positive,0.80357,0.10319,0.3628,0.09453,0.7455,0.09503,0.50477,0.12658
pair_1860_nb,False Positive,0.37071,0.1319,0.2332,0.02634,0.76012,0.2097,0.37992,0.06012
pair_1965_nb,False Positive,0.41029,0.0856,0.4694,0.21651,0.57525,0.11618,0.73138,0.22814
pair_0341_nb,False Positive,0.31457,0.05356,0.3312,0.04503,0.57588,0.07923,0.33923,0.06061
pair_0450_nb,False Positive,0.37443,0.02644,0.294,0.08246,0.5805,0.07884,0.51885,0.15542
pair_0549_nb,False Positive,0.55471,0.08851,0.699,0.32843,0.51587,0.13055,0.46008,0.15659
pair_0567_nb,False Positive,0.36843,0.07648,0.4394,0.09457,0.59088,0.12118,0.65162,0.2174
pair_0584_nb,False Positive,0.50643,0.12456,0.419,0.13746,0.88913,0.15839,0.57,0.19203
pair_0602_nb,False Positive,0.46357,0.09808,0.342,0.07389,0.76362,0.19959,0.575,0.18259
pair_0684_nb,False Positive,0.43786,0.09294,0.4868,0.1425,0.5455,0.1233,0.54077,0.13231
pair_0736_nb,False Positive,0.326,0.0569,0.3488,0.06263,0.55338,0.11323,0.62269,0.15933
pair_0748_nb,False Positive,0.56557,0.13574,0.7638,0.09315,0.86713,0.23991,0.65854,0.15726
pair_0765_nb,False Positive,0.94671,0.41979,0.4936,0.12636,0.58875,0.12609,0.57831,0.15634
pair_0776_nb,False Positive,0.41186,0.07289,0.3704,0.07275,0.64663,0.1074,0.43208,0.1006
pair_0782_nb,False Positive,0.32914,0.06227,0.46,0.07177,0.585,0.13016,0.57138,0.11727
pair_0811_nb,False Positive,0.57157,0.14317,0.4676,0.16454,0.5375,0.11544,0.73046,0.16619
pair_0868_nb,False Positive,0.314,0.07001,0.2356,0.04165,0.53,0.10918,0.34669,0.06362
pair_0876_nb,False Positive,0.32843,0.06012,0.4166,0.1077,1.03412,0.05937,0.38646,0.07739
pair_0878_nb,False Positive,0.435,0.1198,0.5066,0.14479,0.58,0.12262,0.55977,0.12518
pair_0883_nb,False Positive,0.72771,0.2141,0.5854,0.19652,0.59837,0.1172,0.32454,0.06468
pair_0891_nb,False Positive,0.59829,0.17578,0.529,0.12256,0.55363,0.0963,0.38269,0.1382
pair_0908_nb,False Positive,0.44857,0.08994,0.2474,0.07949,0.689,0.14476,0.34269,0.0693
pair_0932_nb,False Positive,0.31671,0.06496,0.3924,0.08236,0.75187,0.13511,0.54123,0.15999
pair_0940_nb,False Positive,0.38157,0.0732,0.3504,0.10412,0.74813,0.14762,0.56792,0.1154
pair_0974_nb,False Positive,0.452,0.07306,0.3622,0.05716,0.52125,0.11867,0.33815,0.05153
pair_0977_nb,False Positive,0.37443,0.0642,0.3774,0.06131,0.63875,0.11239,0.36108,0.07207
pair_1011_nb,False Positive,0.35114,0.08082,0.3866,0.04913,0.67388,0.1164,0.34592,0.07053
pair_1023_nb,False Positive,0.30529,0.05528,0.51,0.10864,0.55263,0.124,0.62808,0.11665
pair_1102_nb,False Positive,0.548,0.17437,0.4946,0.12606,0.69288,0.12968,0.48815,0.15334
pair_1313_nb,False Positive,0.30743,0.05967,0.3208,0.03214,0.66375,0.12156,0.70731,0.12966
pair_1397_nb,False Positive,0.30429,0.05875,0.3682,0.15019,0.62587,0.09704,0.35262,0.05734
pair_1654_nb,False Positive,0.32843,0.06483,0.2918,0.05462,0.78463,0.136,0.42223,0.06735
pair_1656_nb,False Positive,0.30371,0.04934,0.3176,0.09628,0.55637,0.11344,0.46077,0.06923
pair_1658_nb,False Positive,0.56886,0.17728,0.4574,0.08298,0.526,0.11085,0.60769,0.15516
pair_1671_nb,False Positive,0.64086,0.14763,0.9804,0.45587,0.76863,0.13721,0.56562,0.13244
pair_1679_nb,False Positive,0.66429,0.15177,0.3998,0.05132,0.55637,0.12945,0.37092,0.09506
pair_1709_nb,False Positive,0.313,0.04823,0.3804,0.09838,0.76937,0.13605,0.60223,0.16575
pair_1710_nb,False Positive,0.31943,0.04572,0.3798,0.12284,0.54587,0.12349,0.65877,0.19733
pair_1737_nb,False Positive,0.51229,0.14884,0.3618,0.0663,0.802,0.1216,0.41715,0.10775
pair_1758_nb,False Positive,0.52743,0.1543,0.4056,0.03941,0.69488,0.13198,0.57323,0.11233
pair_1784_nb,False Positive,0.40486,0.08864,0.4108,0.10774,0.60062,0.12181,0.48608,0.13485
pair_1785_nb,False Positive,0.30371,0.06097,0.3098,0.04356,0.866,0.17736,0.50438,0.11141
pair_1792_nb,False Positive,0.62,0.15592,0.3372,0.10054,0.55075,0.06941,0.56877,0.17599
pair_1835_nb,False Positive,0.35771,0.07302,0.352,0.08059,0.73287,0.20907,0.31908,0.063
pair_1847_nb,False Positive,0.52071,0.16037,0.631,0.28977,0.66063,0.13084,0.59177,0.12211
pair_1914_nb,False Positive,0.45429,0.11022,0.3568,0.09987,0.666,0.1132,0.44062,0.18513
pair_1922_nb,False Positive,0.36286,0.07217,0.275,0.02705,0.38,0.06131,0.376,0.06659
pair_1938_nb,False Positive,0.48829,0.09778,0.3332,0.10211,0.66763,0.09209,0.34869,0.05564
pair_1961_nb,False Positive,0.44314,0.11332,0.4454,0.12149,0.71625,0.1078,0.456,0.08441
pair_0008_low_pkt,Low Confidence,0.52343,0.10922,0.4736,0.16339,0.61663,0.13471,0.34785,0.08194
pair_0393_low_pkt,Low Confidence,0.34086,0.06815,0.3994,0.06165,0.4995,0.08984,0.32,0.06854
pair_0482_low_pkt,Low Confidence,0.38014,0.07013,0.4694,0.09295,1.22162,0.19417,0.481,0.15122
pair_1331_low_pkt,Low Confidence,0.81014,0.25857,0.7338,0.23419,0.60237,0.09914,0.31108,0.04754
pair_1931_low_pkt,Low Confidence,0.35143,0.05224,0.355,0.06328,0.57088,0.09716,0.28515,0.06936
pair_0065_low_pkt,Low Confidence,0.65,0.1202,0.4148,0.02445,0.70575,0.14984,0.65346,0.41772
pair_0947_low_pkt,Low Confidence,0.41286,0.08932,0.2928,0.03559,0.595,0.1316,0.54931,0.14359
pair_0948_low_pkt,Low Confidence,0.36686,0.06966,0.4548,0.14976,0.70713,0.14102,0.62685,0.18098
pair_1413_low_pkt,Low Confidence,0.40829,0.08882,0.9784,0.21693,0.747,0.13209,0.59962,0.22688
pair_0715_fail_gate,Fail Geometry,0.66314,0.26802,0.3894,0.08833,0.723,0.10443,0.36969,0.08912
pair_1094_fail_gate,Fail Geometry,0.774,0.14957,0.4394,0.05145,0.54875,0.11912,0.57738,0.15965
pair_1682_fail_gate,Fail Geometry,0.86929,0.37805,0.4206,0.15313,0.71788,0.15805,0.63585,0.18868
pair_1739_fail_gate,Fail Geometry,0.37814,0.07928,0.3314,0.02071,0.64575,0.16145,0.59938,0.11526
pair_1941_fail_gate,Fail Geometry,0.30486,0.05004,0.4664,0.11903,0.5825,0.11001,0.56877,0.17637
pair_0014_fail_gate,Fail Geometry,0.40171,0.09456,0.917,0.4364,0.69538,0.17184,0.58315,0.14756
pair_0263_fail_gate,Fail Geometry,0.31857,0.05867,0.3542,0.08803,0.72887,0.15772,0.5,0.17126
pair_0540_fail_gate,Fail Geometry,0.473,0.11053,0.3886,0.05464,0.5095,0.08877,0.305,0.05935
pair_0997_fail_gate,Fail Geometry,0.45343,0.09882,0.979,0.48854,0.61237,0.13444,0.36485,0.08493
pair_1745_fail_gate,Fail Geometry,0.32343,0.05386,0.3332,0.07265,0.7655,0.15196,0.66215,0.19694
bind_019_binder,Binder,0.31657,0.05123,0.393,0.07452,0.79175,0.12615,0.50131,0.11575
bind_020_binder,Binder,0.32443,0.07123,0.4536,0.09255,0.8695,0.19388,0.73654,0.32126
bind_022_binder,Binder,0.778,0.17382,0.3018,0.0452,0.898,0.21306,0.40223,0.09349
bind_034_binder,Binder,0.31329,0.05278,0.3216,0.05701,0.36713,0.05909,0.34954,0.06511
bind_041_binder,Binder,0.32371,0.06099,0.4712,0.16522,0.739,0.16381,0.56385,0.16742
bind_043_binder,Binder,0.29729,0.0454,0.3486,0.0696,0.93438,0.21443,0.72346,0.37487
bind_069_binder,Binder,0.29371,0.05433,0.3238,0.05497,1.02938,0.31968,0.53554,0.15103
bind_076_binder,Binder,0.32171,0.05386,0.3534,0.061,0.55888,0.07564,0.36246,0.07265
bind_080_binder,Binder,0.35671,0.09629,0.381,0.04229,0.61425,0.12334,0.33885,0.06455
bind_083_binder,Binder,0.34686,0.05445,0.4418,0.08556,0.55625,0.10014,0.50554,0.13638
bind_088_binder,Binder,0.49857,0.11121,0.4014,0.1141,0.6935,0.14369,0.428,0.12506
bind_099_binder,Binder,0.31957,0.07311,0.2994,0.04758,0.49425,0.10136,0.47069,0.11508
bind_100_binder,Binder,0.36986,0.05497,0.41,0.12601,0.56925,0.13687,0.82046,0.25487
bind_101_binder,Binder,0.395,0.06339,0.4708,0.12704,0.68712,0.1428,0.55062,0.1849
bind_102_binder,Binder,1.314,0.30488,0.5726,0.16466,0.651,0.15134,0.36231,0.1038
bind_110_binder,Binder,0.35971,0.06318,0.3934,0.12401,0.61762,0.12157,0.56785,0.17882
pair_3061_binder,Binder,0.34843,0.05943,0.3732,0.09704,0.47012,0.08275,0.49262,0.12932
nonb_006_nb,False Positive,0.55157,0.11129,0.459,0.06389,0.73725,0.1339,0.33392,0.0718
nonb_008_nb,False Positive,0.549,0.12828,0.353,0.07469,0.5455,0.08043,0.45246,0.11074
nonb_009_nb,False Positive,0.52971,0.1386,0.3902,0.05894,0.57288,0.10064,0.30592,0.04041
nonb_010_nb,False Positive,0.46843,0.08701,0.6258,0.21576,0.61738,0.07366,0.58723,0.16382
nonb_011_nb,False Positive,0.37286,0.07182,0.8818,0.4281,0.54138,0.11292,0.71838,0.32277
nonb_013_nb,False Positive,0.501,0.12694,0.3212,0.08828,1.04262,0.27405,0.591,0.17313
nonb_014_nb,False Positive,0.41114,0.08705,0.3564,0.045,0.8355,0.22399,0.55392,0.22255
nonb_017_nb,False Positive,0.30429,0.05009,0.4074,0.11745,0.69175,0.07032,0.50908,0.12781
nonb_018_nb,False Positive,0.479,0.10478,0.8882,0.29954,0.6605,0.1315,0.53131,0.16275
nonb_019_nb,False Positive,0.286,0.05013,0.2796,0.07024,0.63162,0.10053,0.35062,0.07409
nonb_021_nb,False Positive,0.45371,0.10023,0.6406,0.04349,0.79912,0.15934,0.54254,0.11636
nonb_022_nb,False Positive,0.51457,0.12406,0.5152,0.18,1.027,0.13394,0.42792,0.07198
nonb_023_nb,False Positive,0.49243,0.08675,0.6882,0.29701,0.72775,0.11386,0.58462,0.14346
nonb_024_nb,False Positive,0.33343,0.06943,0.7978,0.4078,0.70225,0.16081,0.413,0.10083
nonb_025_nb,False Positive,0.58729,0.08792,0.3208,0.04347,0.59975,0.06207,0.54277,0.13573
nonb_026_nb,False Positive,0.73143,0.17672,0.697,0.24309,0.59013,0.129,0.70446,0.27341
nonb_029_nb,False Positive,0.419,0.08955,1.2246,0.60794,0.65775,0.1468,0.48254,0.1773
nonb_032_nb,False Positive,0.40686,0.10578,0.4736,0.18481,,,,
nonb_046_nb,False Positive,0.30614,0.0576,0.3688,0.03971,0.58337,0.12994,0.75492,0.30426
nonb_047_nb,False Positive,0.412,0.09724,0.3632,0.06751,0.7235,0.13743,0.44131,0.12941
nonb_048_nb,False Positive,1.10157,0.35961,0.3684,0.04174,0.625,0.111,0.508,0.16195
nonb_049_nb,False Positive,0.40986,0.06841,0.3284,0.08307,0.59325,0.11446,0.28508,0.04519
nonb_050_nb,False Positive,0.49929,0.16437,0.2872,0.06324,0.661,0.10558,0.409,0.08638
nonb_051_nb,False Positive,0.35386,0.06136,0.395,0.08692,0.505,0.09691,0.45162,0.14366
nonb_052_nb,False Positive,0.30914,0.05753,0.5056,0.2489,1.42188,0.18515,0.45008,0.11381
nonb_053_nb,False Positive,0.34157,0.05771,0.4376,0.15621,1.08088,0.1875,0.37923,0.05529
nonb_054_nb,False Positive,0.67314,0.22316,0.3036,0.01806,1.36888,0.2877,0.30977,0.07104
nonb_056_nb,False Positive,0.42914,0.08375,0.7034,0.29213,0.62938,0.13816,0.54538,0.16967
nonb_066_nb,False Positive,0.32186,0.04512,0.4406,0.08186,0.71862,0.13197,0.65754,0.14153
nonb_067_nb,False Positive,0.41957,0.0949,0.4038,0.03185,0.7975,0.18517,0.42,0.14646
nonb_068_nb,False Positive,0.33771,0.06891,0.4048,0.10392,0.69675,0.15471,0.58315,0.19559
nonb_071_nb,False Positive,0.31371,0.06646,0.4414,0.07991,0.59613,0.1222,0.56231,0.1498
nonb_072_nb,False Positive,0.50971,0.11343,0.4234,0.04133,0.61838,0.12397,0.35723,0.09697
nonb_073_nb,False Positive,0.35514,0.09965,0.4602,0.12689,0.6905,0.11809,0.59723,0.12156
nonb_074_nb,False Positive,0.27314,0.04922,0.3654,0.08457,,,,
nonb_075_nb,False Positive,0.99614,0.54658,0.4518,0.09081,0.56337,0.1213,0.77631,0.21317
nonb_080_nb,False Positive,0.305,0.04128,0.271,0.05477,0.83725,0.17201,0.57908,0.16699
nonb_081_nb,False Positive,0.47743,0.09712,0.2524,0.0342,1.20812,0.26399,0.68546,0.16159
nonb_082_nb,False Positive,0.45443,0.14618,0.463,0.05246,0.52875,0.10864,0.60946,0.1773
nonb_085_nb,False Positive,0.34271,0.06752,,,,,,
nonb_086_nb,False Positive,0.423,0.11163,0.3362,0.0798,0.5725,0.12221,0.47062,0.10311
nonb_087_nb,False Positive,0.79229,0.44174,0.731,0.37109,0.8615,0.17154,0.40923,0.09796
nonb_088_nb,False Positive,0.48486,0.11546,0.4142,0.12689,0.56788,0.12442,0.80538,0.27088
nonb_089_nb,False Positive,0.40514,0.09794,0.595,0.13066,1.01775,0.11424,0.60377,0.17704
nonb_115_nb,False Positive,0.36729,0.07388,0.4108,0.1029,1.42525,0.35409,0.55962,0.12094
nonb_116_nb,False Positive,0.36886,0.07386,0.4572,0.09523,0.82263,0.12781,1.37831,0.52055
nonb_117_nb,False Positive,0.39271,0.06497,0.3522,0.09451,0.617,0.16104,0.64654,0.16834
